Overall Reign #,BeltHolder,TeamReign,StartofReign,EndofReign,# of Defenses,BeltWon,Defense 1,Defense 2,Defense 3,Defense 4,Defense 5,Defense 6,Defense 7,Defense 8,Defense 9,Defense 10,Defense 11,Defense 12,Defense 13,Defense 14,Defense 15,Defense 16,Defense 17,Defense 18,Defense 19,Defense 20,Defense 21,Defense 22,Defense 23,Defense 24,Defense 25,Defense 26,Defense 27,Defense 28,Defense 29,Defense 30,Defense 31,Defense 32,Defense 33,Defense 34,Defense 35,Defense 36,Defense 37
332,Miami,1,09/13/2025,Ongoing,0,vs. South Florida (W 49–12),vs. Florida,,,,,,,,,,,,,,,,,,,,,,,,,,,,,,,,,,,,
331,South Florida,1,09/06/2025,09/13/2025,0,at Florida (W 18–16),at Miami (L 49–12),,,,,,,,,,,,,,,,,,,,,,,,,,,,,,,,,,,,
330,Florida,6,11/23/2024,09/06/2025,3,vs. #9 Ole Miss (W 24–14),at Florida State (W 31–11),vs. Tulane (Gasparilla Bowl) (W 33–8),vs. LIU (W 55-0),vs. South Florida (L 18-16),,,,,,,,,,,,,,,,,,,,,,,,,,,,,,,,,
329,Ole Miss,6,11/10/2024,11/23/2024,0,vs. Georgia (W 28–10),at Florida (L 24–14),,,,,,,,,,,,,,,,,,,,,,,,,,,,,,,,,,,,
328,Georgia,6,10/19/2024,11/10/2024,1,at Texas (W 30–15),vs. Florida (neutral site) (W 34–20),at Ole Miss (L 28–10),,,,,,,,,,,,,,,,,,,,,,,,,,,,,,,,,,,
327,Texas,6,09/07/2024,10/19/2024,4,at Michigan (W 31–12),vs. UTSA (W 56–7),vs. ULM (W 51–3),vs. Mississippi State (W 35–13),vs. Oklahoma (W 34–3),vs. Georgia (L 30–15),,,,,,,,,,,,,,,,,,,,,,,,,,,,,,,,
326,Michigan,9,01/08/2024,09/07/2024,1,vs. Washington (CFP Championship) (W 34–13),vs. Fresno State (W 30–10),vs. Texas (L 31–12),,,,,,,,,,,,,,,,,,,,,,,,,,,,,,,,,,,
325,Washington,12,11/12/2022,01/08/2024,17,at Oregon (W 37–34),vs. Colorado (W 54–7),at Washington State (W 51–33),vs. Texas (Alamo Bowl) (W 27–20),vs. Boise State (W 56–19),vs. Tulsa (W 43–10),at Michigan State (W 41–7),vs. California (W 59–32),at Arizona (W 31–24),vs. #8 Oregon (W 36–33),vs. Arizona State (W 15–7),at Stanford (W 42–33),at USC (W 52–42),vs. #18 Utah (W 35–28),at #12 Oregon State (W 22–20),vs. Washington State (W 24–21),vs. Oregon (Pac-12 Championship) (W 34–31),vs. Texas (Sugar Bowl/CFP Semifinal) (W 37–31),vs. Michigan (CFP Championship) (L 34–13),,,,,,,,,,,,,,,,,,,
324,Oregon,3,09/17/2022,11/12/2022,6,vs. BYU (W 41–20),at Washington State (W 44–41),vs. Stanford (W 45–27),at Arizona (W 49–22),vs. UCLA (W 45–30),at California (W 42–24),at Colorado (W 49–10),vs. Washington (L 37–34),,,,,,,,,,,,,,,,,,,,,,,,,,,,,,
323,BYU,3,09/11/2022,09/17/2022,0,vs. Baylor (W 26–20),at Oregon (L 41–20),,,,,,,,,,,,,,,,,,,,,,,,,,,,,,,,,,,,
322,Baylor,7,01/02/2022,09/11/2022,1,vs. Ole Miss (Sugar Bowl) (W 21–7),vs. Albany (W 69–10),at BYU (L 26–20),,,,,,,,,,,,,,,,,,,,,,,,,,,,,,,,,,,
321,Ole Miss,5,11/13/2021,01/02/2022,2,vs. Texas A&M (W 29–19),vs. Vanderbilt (W 31–17),at Mississippi State (W 31–21),vs. Baylor (Sugar Bowl) (L 21–7),,,,,,,,,,,,,,,,,,,,,,,,,,,,,,,,,,
320,Texas A&M,4,10/09/2021,11/13/2021,3,vs. #1 Alabama (W 41–38),at Missouri (W 35–14),vs. South Carolina (W 44-14),vs. Auburn (W 20–3),at Ole Miss (L 29–19),,,,,,,,,,,,,,,,,,,,,,,,,,,,,,,,,
319,Alabama,12,11/28/2020,10/09/2021,5,at Auburn (W 42–13),vs. LSU (W 55–17),vs. Arkansas (W 52–3),vs. Florida (neutral site) (W 52–46),vs. Notre Dame (Rose Bowl/CFP Semifinal) (W 31–14),vs. Ohio State (CFP Championship) (W 52–24),vs. Miami (neutral site) (W.44–13),vs. Mercer (W 48–14),at #11 Florida (W 31–29),vs. Southern Miss (W 63–14),at Texas A&M (L 41–38),,,,,,,,,,,,,,,,,,,,,,,,,,,
318,Auburn,8,10/31/2020,11/28/2020,1,at LSU (W 48–11),at Tennessee (W 30–17),vs. Alabama (L 42–13),,,,,,,,,,,,,,,,,,,,,,,,,,,,,,,,,,,
317,LSU,9,10/24/2020,10/31/2020,0,at South Carolina (W 52–24),vs. Auburn (L 48–11),,,,,,,,,,,,,,,,,,,,,,,,,,,,,,,,,,,,
316,South Carolina,4,10/17/2020,10/24/2020,0,at Auburn (W 30–22),vs. LSU (L 52–24),,,,,,,,,,,,,,,,,,,,,,,,,,,,,,,,,,,,
315,Auburn,7,10/10/2020,10/17/2020,0,at Arkansas (W 30–28),vs. South Carolina (L 30–22),,,,,,,,,,,,,,,,,,,,,,,,,,,,,,,,,,,,
314,Arkansas,4,10/03/2020,10/10/2020,0,vs. Mississippi State (W 21–14),vs. Auburn (L 30–28),,,,,,,,,,,,,,,,,,,,,,,,,,,,,,,,,,,,
313,Mississippi State,4,09/26/2020,10/03/2020,0,vs. LSU (W 44–34),at Arkansas (L 21–14),,,,,,,,,,,,,,,,,,,,,,,,,,,,,,,,,,,,
312,LSU,8,01/14/2020,09/26/2020,0,vs. Clemson (CFP Final) (W 42–25),at Mississippi State (L 44–34),,,,,,,,,,,,,,,,,,,,,,,,,,,,,,,,,,,,
311,Clemson,6,12/29/2019,01/14/2020,0,vs. Ohio State (Fiesta Bowl/CFB Semifinal) (W 29–23),vs. LSU (CFP Championship) (L 42–25),,,,,,,,,,,,,,,,,,,,,,,,,,,,,,,,,,,,
310,Ohio State,9,11/10/2018,12/29/2019,17,vs. Michigan State (W 26–6),vs. Maryland (W 52–51),at Michigan (W 62–39),vs. Northwestern (neutral site) (W 45–24),vs. Washington (Rose Bowl) (W 28–23),at Florida Atlantic (W 45–21),at Cincinnati (W 42–0),vs. Indiana (W 51–10),at Miami (OH) (W 76–5),vs. Nebraska (W 48–7),at Michigan State (W 34–10),vs. Northwestern (W 52–3),at Wisconsin (W 38–7),at Maryland (W 73–14),vs. Rutgers (W 56–21),at Penn State (W 28–17),vs. Michigan (W 56–27),vs. Wisconsin (Big Ten Championship) (W 34–21),vs. Clemson (Fiesta Bowl/CFP Semifinal) (L 29–23),,,,,,,,,,,,,,,,,,,
309,Michigan State,1,10/27/2018,11/10/2018,1,at Purdue (W 23–13),vs. Maryland (W 24–3),at Ohio State (L 26–6),,,,,,,,,,,,,,,,,,,,,,,,,,,,,,,,,,,
308,Purdue,4,10/20/2018,10/27/2018,0,at Ohio State (W 49–20),vs. Michigan State (L 23–13),,,,,,,,,,,,,,,,,,,,,,,,,,,,,,,,,,,,
307,Ohio State,8,09/29/2018,10/20/2018,2,vs. Penn State (W 27–26),at Indiana (W 49–26),at Minnesota (W 30–14),vs. Purdue (L 49–20),,,,,,,,,,,,,,,,,,,,,,,,,,,,,,,,,,
306,Penn State,5,09/09/2018,09/29/2018,2,vs. Pittsburgh (W 51–6),at Kent State (W 63–10),vs. Illinois (W 63–24),at Ohio State (L 27–26),,,,,,,,,,,,,,,,,,,,,,,,,,,,,,,,,,
305,Pittsburgh,2,11/24/2017,09/09/2018,1,at Miami (W 24–14),at Albany (W 33–7),at Penn State (L 51–6),,,,,,,,,,,,,,,,,,,,,,,,,,,,,,,,,,,
304,Miami,5,10/21/2017,11/24/2017,4,at Syracuse (W 27–19),vs. North Carolina (W 24–19),at Virginia Tech (W 28–10),at Notre Dame (W 41–8),at Virginia (W 44–28),vs. Pittsburgh (L 24–14),,,,,,,,,,,,,,,,,,,,,,,,,,,,,,,,
303,Syracuse,4,10/13/2017,10/21/2017,0,at Clemson (W 27–24),vs. Miami (L 27–19),,,,,,,,,,,,,,,,,,,,,,,,,,,,,,,,,,,,
302,Clemson,5,01/10/2017,10/13/2017,6,vs. Alabama (CFP Final) (W 35–31),at Kent State (W 56–3),at Auburn (W 14–6),vs. Louisville (W 47–21),at Boston College (W 34–7),vs. Virginia Tech (W 31–17),at Wake Forest (W 28–14),vs. Syracuse (L 27–24),,,,,,,,,,,,,,,,,,,,,,,,,,,,,,
301,Alabama,11,10/22/2016,01/10/2017,6,at Texas A&M (W 33–14),vs. LSU (W 10–0),at Mississippi State (W 51–3),at Chattanooga (W 31–3),at Auburn (W 30–12),vs. Florida (neutral site) (W 54–16),vs. Washington (Peach Bowl/CFP Semifinal) (W 24–7),vs. Clemson (CFP Championship) (L 35–31),,,,,,,,,,,,,,,,,,,,,,,,,,,,,,
300,Texas A&M,3,09/25/2016,10/22/2016,2,vs. Arkansas (neutral site) (W 45–24),vs. South Carolina (W 24–13),at Tennessee (W 45–38),vs. Alabama (L 33–14),,,,,,,,,,,,,,,,,,,,,,,,,,,,,,,,,,
299,Arkansas,3,09/10/2016,09/25/2016,1,vs. TCU (W 41–38),at Texas State (W 42–3),vs. Texas A&M (neutral site) (L 45–24),,,,,,,,,,,,,,,,,,,,,,,,,,,,,,,,,,,
298,TCU,5,11/28/2015,09/10/2016,2,at Baylor (W 28–21),vs. Oregon (Alamo Bowl) (W 47–41),at South Dakota State (W 59–41),at Arkansas (L 41–38),,,,,,,,,,,,,,,,,,,,,,,,,,,,,,,,,,
297,Baylor,6,11/22/2015,11/28/2015,0,vs. Oklahoma State (W 45–35),vs. TCU (L 28–21),,,,,,,,,,,,,,,,,,,,,,,,,,,,,,,,,,,,
296,Oklahoma State,4,11/07/2015,11/22/2015,1,at TCU (W 49–29),vs. Iowa State (W 35–31),at Baylor (L 45–35),,,,,,,,,,,,,,,,,,,,,,,,,,,,,,,,,,,
295,TCU,4,11/01/2014,11/07/2015,13,vs. West Virginia (W 31–30),at Kansas State (W 41–20),vs. Kansas (W 34–30),vs. Texas (W 48–10),at Iowa State (W 55–3),vs. Ole Miss (Peach Bowl) (W 42–3),vs. Minnesota (W 23–17),at Stephen F. Austin (W 70–7),at SMU (W 56–37),vs. Texas Tech (W 55–52),at Texas (W 50–7),vs. Kansas State (W 52–45),vs. Iowa State (W 45–21),at West Virginia (W 40–10),vs. Oklahoma State (L 49–29),,,,,,,,,,,,,,,,,,,,,,,
294,West Virginia,3,10/18/2014,11/01/2014,1,at Baylor (W 41–27),vs. Oklahoma State (W 34–10),at TCU (L 31–30),,,,,,,,,,,,,,,,,,,,,,,,,,,,,,,,,,,
293,Baylor,5,10/11/2014,10/18/2014,0,at TCU (W 61–58),vs. West Virginia (L 41–27),,,,,,,,,,,,,,,,,,,,,,,,,,,,,,,,,,,,
292,TCU,3,10/04/2014,10/11/2014,0,at Oklahoma (W 37–33),vs. Baylor (L 61–58),,,,,,,,,,,,,,,,,,,,,,,,,,,,,,,,,,,,
291,Oklahoma,5,12/07/2013,10/04/2014,5,vs. Oklahoma State (W 33–24),vs. Alabama (Sugar Bowl) (W 45–31),at Louisiana Tech (W 48–16),vs. Tulsa (W 52–7),at Tennessee (W 34–10),vs. West Virginia (W 45–33),vs. TCU (L 37–33),,,,,,,,,,,,,,,,,,,,,,,,,,,,,,,
290,Oklahoma State,3,11/24/2013,12/07/2013,0,at Baylor (W 49–17),at Oklahoma (L 33–24),,,,,,,,,,,,,,,,,,,,,,,,,,,,,,,,,,,,
289,Baylor,4,11/18/2012,11/24/2013,12,at Kansas State (W 52–24),vs. Texas Tech (neutral site) (W 52–45),at Oklahoma State (W 41–34),vs. UCLA (Holiday Bowl) (W 49–26),at Wofford (W 69–3),at Buffalo (W 70–13),at ULM (W 70–7),at West Virginia (W 73–42),vs. Kansas State (W 35–25),at Iowa State (W 71–7),vs. Kansas (W 59–14),at Oklahoma (W 41–12),vs. Texas Tech (neutral site) (W 63–34),vs. Oklahoma State (L 49–17),,,,,,,,,,,,,,,,,,,,,,,,
288,Kansas State,1,10/27/2012,11/18/2012,2,at Texas Tech (W 55–24),at Oklahoma State (W 44–30),vs. TCU (W 23–10),vs. Baylor (L 52–24),,,,,,,,,,,,,,,,,,,,,,,,,,,,,,,,,,
287,Texas Tech,5,10/13/2012,10/27/2012,1,at West Virginia (W 49–14),vs. TCU (W 56–53),vs. Kansas State (L 55–24),,,,,,,,,,,,,,,,,,,,,,,,,,,,,,,,,,,
286,West Virginia,2,01/05/2012,10/13/2012,5,vs. Clemson (Orange Bowl) (W 70–33),at Marshall (W 69–34),vs. James Madison (neutral site) (W 42–12),at Maryland (W 31–21),at Baylor (W 70–63),vs. Texas (W 48–45),vs. Texas Tech (L 49–14),,,,,,,,,,,,,,,,,,,,,,,,,,,,,,,
285,Clemson,4,12/04/2011,01/05/2012,0,vs. Virginia Tech (neutral site) (W 38–10),vs. West Virginia (Orange Bowl) (L 70–33),,,,,,,,,,,,,,,,,,,,,,,,,,,,,,,,,,,,
284,Virginia Tech,1,11/11/2011,12/04/2011,2,vs. Georgia Tech (W 37–26),at North Carolina (W 24–21),vs. Virginia (W 38–0),vs. Clemson (neutral site) (L 38–10),,,,,,,,,,,,,,,,,,,,,,,,,,,,,,,,,,
283,Georgia Tech,3,10/30/2011,11/11/2011,0,at Clemson (W 31–17),at Virginia Tech (L 37–26),,,,,,,,,,,,,,,,,,,,,,,,,,,,,,,,,,,,
282,Clemson,3,09/17/2011,10/30/2011,5,at Auburn (W 38–24),at Florida State (W 35–30),vs. Virginia Tech (W 23–3),at Boston College (W 36–14),vs. Maryland (W 56–45),at North Carolina (W 59–38),vs. Georgia Tech (L 31–17),,,,,,,,,,,,,,,,,,,,,,,,,,,,,,,
281,Auburn,6,12/04/2010,09/17/2011,3,vs. South Carolina (neutral site) (W 56–17),vs. Oregon (BCS Championship) (W 22–19),at Utah State (W 42–38),at Mississippi State (W 41–34),vs. Clemson (L 38–24),,,,,,,,,,,,,,,,,,,,,,,,,,,,,,,,,
280,South Carolina,3,11/14/2010,12/04/2010,2,vs. Florida (W 36–14),at Troy (W 69–24),vs. Clemson (W 29–7),vs. Auburn (neutral site) (L 56–17),,,,,,,,,,,,,,,,,,,,,,,,,,,,,,,,,,
279,Florida,5,10/30/2010,11/14/2010,1,vs. Georgia (neutral site) (W 34–31),vs. Vanderbilt (W 55–14),at South Carolina (L 36–14),,,,,,,,,,,,,,,,,,,,,,,,,,,,,,,,,,,
278,Georgia,5,10/23/2010,10/30/2010,0,vs. Kentucky (W 44–31),vs. Florida (neutral site) (L 34–31),,,,,,,,,,,,,,,,,,,,,,,,,,,,,,,,,,,,
277,Kentucky,1,10/16/2010,10/23/2010,0,at South Carolina (W 31–28),at Georgia (L 44–31),,,,,,,,,,,,,,,,,,,,,,,,,,,,,,,,,,,,
276,South Carolina,2,10/09/2010,10/16/2010,0,at Alabama (W 35–21),vs. Kentucky (L 31–28),,,,,,,,,,,,,,,,,,,,,,,,,,,,,,,,,,,,
275,Alabama,10,12/05/2009,10/09/2010,6,vs. Florida (neutral site) (W 32–13),vs. Texas (BCS Championship) (W 37–21),at San José State (W 48–3),at Penn State (W 24–3),vs. Duke (W 62–13),vs. Arkansas (W 24–20),at Florida (W 31–6),vs. South Carolina (L 35–21),,,,,,,,,,,,,,,,,,,,,,,,,,,,,,
274,Florida,4,01/09/2009,12/05/2009,12,vs. Oklahoma (BCS Championship) (W 24–14),at Charleston Southern (W 62–3),at Troy (W 56–6),at Tennessee (W 23–13),vs. Kentucky (W 41–7),vs. LSU (W 13–3),at Arkansas (W 23–20),vs. Mississippi State (W 29–19),vs. Georgia (neutral site) (W 41–17),at Vanderbilt (W 27–3),vs. South Carolina (W 24–14),at Florida International (W 62–3),at Florida State (W 37–10),vs. Alabama (neutral site) (L 32–13),,,,,,,,,,,,,,,,,,,,,,,,
273,Oklahoma,4,11/23/2008,01/09/2009,2,at Texas Tech (W 65–21),vs. Oklahoma State (W 61–41),vs. Missouri (neutral site) (W 62–21),vs. Florida (BCS Championship) (L 24–14),,,,,,,,,,,,,,,,,,,,,,,,,,,,,,,,,,
272,Texas Tech,4,11/02/2008,11/23/2008,1,at Texas (W 39–33),at Oklahoma State (W 56–20),vs. Oklahoma (L 65–21),,,,,,,,,,,,,,,,,,,,,,,,,,,,,,,,,,,
271,Texas,5,10/25/2008,11/02/2008,0,at Oklahoma State (W 28–24),vs. Texas Tech (L 39–33),,,,,,,,,,,,,,,,,,,,,,,,,,,,,,,,,,,,
270,Oklahoma State,2,10/12/2008,10/25/2008,1,vs. Missouri (W 28–23),at Baylor (W 34–6),vs. Texas (L 28–24),,,,,,,,,,,,,,,,,,,,,,,,,,,,,,,,,,,
269,Missouri,2,01/01/2008,10/12/2008,5,vs. Arkansas (Cotton Bowl) (W 38–7),vs. Illinois (neutral site) (W 52–42),at Southeast Missouri State (W 52–3),at Nevada (W 69–17),at Buffalo (W 42–21),vs. Nebraska (W 52–17),at Oklahoma State (L 28–23),,,,,,,,,,,,,,,,,,,,,,,,,,,,,,,
268,Arkansas,2,11/23/2007,01/01/2008,0,vs. LSU (W 50–48),vs. Missouri (Cotton Bowl) (L 38–7),,,,,,,,,,,,,,,,,,,,,,,,,,,,,,,,,,,,
267,LSU,7,10/21/2007,11/23/2007,3,at Auburn (W 30–24),vs. Alabama (W 41–34),at Louisiana Tech (W 58–10),vs. Ole Miss (W 41–24),at Arkansas (L 50–48),,,,,,,,,,,,,,,,,,,,,,,,,,,,,,,,,
266,Auburn,5,09/30/2007,10/21/2007,2,vs. Florida (W 20–17),at Vanderbilt (W 35–7),vs. Arkansas (W 9–7),vs. LSU (L 30–24),,,,,,,,,,,,,,,,,,,,,,,,,,,,,,,,,,
265,Florida,3,01/09/2007,09/30/2007,4,vs. Ohio State (BCS Championship) (W 41–14),at Western Kentucky (W 49–3),at Troy (W 59–31),at Tennessee (W 59–20),vs. Ole Miss (W 30–24),at Auburn (L 20–17),,,,,,,,,,,,,,,,,,,,,,,,,,,,,,,,
264,Ohio State,7,09/10/2006,01/09/2007,10,vs. Texas (W 24–7),at Cincinnati (W 37–7),at Penn State (W 28–6),vs. Iowa (W 38–17),at Bowling Green (W 35–7),vs. Michigan State (W 38–7),at Indiana (W 44–3),at Minnesota (W 44–0),vs. Illinois (W 17–10),vs. Northwestern (W 54–10),at Michigan (W 42–39),vs. Florida (BCS Championship) (L 41–14),,,,,,,,,,,,,,,,,,,,,,,,,,
263,Texas,4,01/05/2006,09/10/2006,1,vs. USC (Rose Bowl) (W 41–38),at North Texas (W 56–7),at Ohio State (L 24–7),,,,,,,,,,,,,,,,,,,,,,,,,,,,,,,,,,,
262,USC,12,01/01/2004,01/05/2006,25,vs. Michigan (Rose Bowl) (W 28–14),vs. Virginia Tech (W 24–13),at Colorado State (W 49–0),vs. BYU (W 42–10),vs. Stanford (W 31–28),at California (W 23–17),at Arizona State (W 45–7),at Washington (W 38–0),vs. Washington State (W 42–12),vs. Oregon State (W 28–20),at Arizona (W 49–9),at Notre Dame (W 41–10),vs. UCLA (W 29–24),vs. Oklahoma (Orange Bowl) (W 55–19),vs. Hawai'i (W 63–17),at Arkansas (W 70–17),vs. Oregon (W 45–13),vs. Arizona State (W 38–28),at Arizona (W 42–21),vs. Notre Dame (W 34–31),vs. Washington (W 51–24),at Washington State (W 55–13),at Stanford (W 51–21),vs. California (W 35–10),at Fresno State (W 50–42),at UCLA (W 66–19),vs. Texas (Rose Bowl/BCS Championship) (L 41–38),,,,,,,,,,,
261,Michigan,8,10/25/2003,01/01/2004,3,at Purdue (W 31–3),vs. Michigan State (W 27–20),vs. Northwestern (W 41–10),at Ohio State (W 35–21),vs. USC (Rose Bowl) (L 28–14),,,,,,,,,,,,,,,,,,,,,,,,,,,,,,,,,
260,Purdue,3,10/18/2003,10/25/2003,0,vs. Wisconsin (W 26–23),vs. Michigan (L 31–3),,,,,,,,,,,,,,,,,,,,,,,,,,,,,,,,,,,,
259,Wisconsin,3,10/12/2003,10/18/2003,0,at Ohio State (W 17–10),at Purdue (L 26–23),,,,,,,,,,,,,,,,,,,,,,,,,,,,,,,,,,,,
258,Ohio State,6,01/04/2003,10/12/2003,5,vs. Miami (AT TEMPE AZ) (W 31–24),at Washington (W 28–9),at San Diego State (W 16–13),at NC State (W 44–38),at Bowling Green (W 24–17),at Northwestern (W 20–0),vs. Wisconsin (L 17–10),,,,,,,,,,,,,,,,,,,,,,,,,,,,,,,
257,Miami,4,10/07/2000,01/04/2003,31,at Florida State (W 27–24),vs. Temple (W 45–17),at Louisiana Tech (W 42–31),at Virginia Tech (W 41–21),at Pittsburgh (W 35–7),vs. Syracuse (W 26–0),at Boston College (W 52–6),vs. Florida (Sugar Bowl) (W 37–20),vs. Penn State (W 33–7),at Rutgers (W 61–0),vs. Pittsburgh (W 43–21),at Troy (W 38–7),vs. Florida State (W 49–27),at West Virginia (W 45–3),at Temple (W 38–0),vs. Boston College (W 18–7),at Syracuse (W 59–0),at Washington (W 65–7),vs. Virginia Tech (W 26–24),vs. Nebraska (Rose Bowl/BCS Championship) (W 37–14),at Florida A&M (W 63–17),vs. Florida (W 41–16),vs. Temple (W 44–21),at Boston College (W 38–6),at Connecticut (W 48–14),at Florida State (W 28–27),vs. West Virginia (W 40–23),vs. Rutgers (W 42–17),vs. Tennessee (W 26–3),at Pittsburgh (W 28–21),vs. Syracuse (W 49–7),at Virginia Tech (W 56–45),vs. Ohio State (Fiesta Bowl/BCS Championship) (L 31–24),,,,,
256,Florida State,2,09/18/1999,10/07/2000,14,at NC State (W 42–11),vs. North Carolina (W 42–10),at Duke (W 51–23),at Miami (W 31–21),at Wake Forest (W 33–10),vs. Clemson (W 17–14),vs. Virginia (W 35–10),at Maryland (W 49–10),vs. Florida (W 30–23),vs. Virginia Tech (Sugar Bowl/BCS Championship) (W 46–29),at BYU (W 29–3),vs. Georgia Tech (W 26–21),at North Carolina (W 63–14),at Louisville (W 31–0),vs. Maryland (W 59–7),vs. Miami (L 27–24),,,,,,,,,,,,,,,,,,,,,,
255,NC State,2,08/28/1999,09/18/1999,2,vs. Texas (W 23–20),at South Carolina (W 10–0),at William & Mary (W 38–9),vs. Florida State (L 42–11),,,,,,,,,,,,,,,,,,,,,,,,,,,,,,,,,,
254,Texas,3,11/27/1998,08/28/1999,1,at Texas A&M (W 26–24),vs. Mississippi State (Cotton Bowl) (W 38–11),at NC State (L 23–20),,,,,,,,,,,,,,,,,,,,,,,,,,,,,,,,,,,
253,Texas A&M,2,10/10/1998,11/27/1998,5,at Nebraska (W 28–21),vs. Baylor (W 35–14),at Texas Tech (W 17–10),vs. Oklahoma State (W 17–6),at Oklahoma (W 29–0),at Missouri (W 17–14),vs. Texas (L 26–24),,,,,,,,,,,,,,,,,,,,,,,,,,,,,,,
252,Nebraska,3,09/20/1997,10/10/1998,15,vs. Washington (W 27–14),at Kansas State (W 56–26),vs. Baylor (W 49–21),at Texas Tech (W 29–0),vs. Kansas (W 35–0),at Oklahoma (W 69–7),vs. Missouri (W 45–38),at Iowa State (W 77–14),vs. Colorado (W 27–24),vs. Texas A&M (Big 12 Championship) (W 54–15),vs. Tennessee (Orange Bowl) (W 42–17),at Louisiana Tech (W 56–27),at UAB (W 38–7),vs. California (W 24–3),at Washington (W 55–7),at Oklahoma State (W 24–17),vs. Texas A&M (L 28–21),,,,,,,,,,,,,,,,,,,,,
251,Washington,11,09/06/1997,09/20/1997,1,vs. BYU (W 42–20),at San Diego State (W 36–3),at Nebraska (L 27–14),,,,,,,,,,,,,,,,,,,,,,,,,,,,,,,,,,,
250,BYU,2,10/19/1996,09/06/1997,7,vs. Tulsa (W 55–30),vs. TCU (W 45–21),at UTEP (W 40–18),at Rice (W 49–0),vs. Hawai'i (W 45–14),vs. Utah (W 37–17),vs. Wyoming (WAC Championship) (W 28–25),vs. Kansas State (Cotton Bowl) (W 19–15),at Washington (L 42–20),,,,,,,,,,,,,,,,,,,,,,,,,,,,,
249,Tulsa,1,09/21/1996,10/19/1996,2,at Iowa (W 27–20),vs. Oklahoma (W 31–24),at Colorado State (W 20–14),at BYU (L 55–30),,,,,,,,,,,,,,,,,,,,,,,,,,,,,,,,,,
248,Iowa,2,09/07/1996,09/21/1996,1,at Arizona (W 21–20),at Iowa State (W 38–13),vs. Tulsa (L 27–20),,,,,,,,,,,,,,,,,,,,,,,,,,,,,,,,,,,
247,Arizona,6,11/24/1995,09/07/1996,1,vs. Arizona State (W 31–28),at UTEP (W 23–3),vs. Iowa (L 21–20),,,,,,,,,,,,,,,,,,,,,,,,,,,,,,,,,,,
246,Arizona State,4,10/14/1995,11/24/1995,3,at BYU (W 29–21),vs. Oregon (W 35–24),at UCLA (W 37–33),vs. California (W 38–29),at Arizona (L 31–28),,,,,,,,,,,,,,,,,,,,,,,,,,,,,,,,,
245,BYU,1,09/30/1995,10/14/1995,0,vs. Colorado State (W 28–21),vs. Arizona State (L 29–21),,,,,,,,,,,,,,,,,,,,,,,,,,,,,,,,,,,,
244,Colorado State,2,09/16/1995,09/30/1995,0,vs. Air Force (W 27–20),at BYU (L 28–21),,,,,,,,,,,,,,,,,,,,,,,,,,,,,,,,,,,,
243,Air Force,2,09/09/1995,09/16/1995,0,at Wyoming (W 34–10),at Colorado State (L 27–20),,,,,,,,,,,,,,,,,,,,,,,,,,,,,,,,,,,,
242,Wyoming,1,11/12/1994,09/09/1995,1,at New Mexico (W 38–28),vs. Hawai'i (W 13–10),vs. Air Force (L 34–10),,,,,,,,,,,,,,,,,,,,,,,,,,,,,,,,,,,
241,New Mexico,1,11/05/1994,11/12/1994,0,at Utah (W 23–21),vs. Wyoming (L 38–28),,,,,,,,,,,,,,,,,,,,,,,,,,,,,,,,,,,,
240,Utah,1,10/22/1994,11/05/1994,1,vs. Colorado State (W 45–31),at UTEP (W 52–7),vs. New Mexico (L 23–21),,,,,,,,,,,,,,,,,,,,,,,,,,,,,,,,,,,
239,Colorado State,1,10/08/1994,10/22/1994,1,vs. Arizona (W 21–16),at UTEP (W 47–9),at Utah (L 45–31),,,,,,,,,,,,,,,,,,,,,,,,,,,,,,,,,,,
238,Arizona,5,11/26/1993,10/08/1994,5,vs. Arizona State (W 34–20),vs. Miami (Fiesta Bowl) (W 29–0),vs. Georgia Tech (W 19–14),at New Mexico State (W 44–0),vs. Stanford (W 34–10),at Oregon State (W 30–10),at Colorado State (L 21–16),,,,,,,,,,,,,,,,,,,,,,,,,,,,,,,
237,Arizona State,3,11/13/1993,11/26/1993,0,vs. UCLA (W 9–3),at Arizona (L 34–20),,,,,,,,,,,,,,,,,,,,,,,,,,,,,,,,,,,,
236,UCLA,11,10/16/1993,11/13/1993,3,at Washington (W 39–25),vs. Oregon State (W 20–17),at Arizona (W 37–17),vs. Washington State (W 40–27),at Arizona State (L 9–3),,,,,,,,,,,,,,,,,,,,,,,,,,,,,,,,,
235,Washington,10,10/09/1993,10/16/1993,0,vs. California (W 24–23),vs. UCLA (L 39–25),,,,,,,,,,,,,,,,,,,,,,,,,,,,,,,,,,,,
234,California,2,09/04/1993,10/09/1993,4,vs. UCLA (W 27–25),at San Diego State (W 45–25),vs. Temple (W 58–0),at San José State (W 46–13),at Oregon (W 42–41),at Washington (L 24–23),,,,,,,,,,,,,,,,,,,,,,,,,,,,,,,,
233,UCLA,10,11/21/1992,09/04/1993,0,at USC (W 38–37),at California (L 27–25),,,,,,,,,,,,,,,,,,,,,,,,,,,,,,,,,,,,
232,USC,11,11/14/1992,11/21/1992,0,at Arizona (W 14–7),vs. UCLA (L 38–37),,,,,,,,,,,,,,,,,,,,,,,,,,,,,,,,,,,,
231,Arizona,4,11/07/1992,11/14/1992,0,at Washington (W 16–3),vs. USC (L 14–7),,,,,,,,,,,,,,,,,,,,,,,,,,,,,,,,,,,,
230,Washington,9,10/03/1992,11/07/1992,4,at USC (W 17–10),at California (W 35–16),vs. Oregon (W 24–3),at Pacific (W 31–7),at Stanford (W 41–7),vs. Arizona (L 16–3),,,,,,,,,,,,,,,,,,,,,,,,,,,,,,,,
229,USC,10,09/19/1992,10/03/1992,0,vs. Oklahoma (W 20–10),vs. Washington (L 17–10),,,,,,,,,,,,,,,,,,,,,,,,,,,,,,,,,,,,
228,Oklahoma,3,09/03/1992,09/19/1992,1,vs. Texas Tech (W 34–9),at Arkansas State (W 61–0),at USC (L 20–10),,,,,,,,,,,,,,,,,,,,,,,,,,,,,,,,,,,
227,Texas Tech,3,11/16/1991,09/03/1992,1,vs. Baylor (W 31–24),vs. Houston (W 52–46),at Oklahoma (L 34–9),,,,,,,,,,,,,,,,,,,,,,,,,,,,,,,,,,,
226,Baylor,3,10/26/1991,11/16/1991,1,at TCU (W 26–9),vs. Arkansas (W 9–5),at Texas Tech (L 31–24),,,,,,,,,,,,,,,,,,,,,,,,,,,,,,,,,,,
225,TCU,2,10/19/1991,10/26/1991,0,vs. Rice (W 39–28),vs. Baylor (L 26–9),,,,,,,,,,,,,,,,,,,,,,,,,,,,,,,,,,,,
224,Rice,3,10/12/1991,10/19/1991,0,vs. Baylor (W 20–17),at TCU (L 39–28),,,,,,,,,,,,,,,,,,,,,,,,,,,,,,,,,,,,
223,Baylor,2,09/14/1991,10/12/1991,3,vs. Colorado (W 16–14),at Missouri (W 47–21),vs. SMU (W 45–7),vs. Houston (W 38–21),at Rice (L 20–17),,,,,,,,,,,,,,,,,,,,,,,,,,,,,,,,,
222,Colorado,3,01/01/1991,09/14/1991,1,vs. Notre Dame (Orange Bowl) (W 10–9),at Wyoming (W 30–13),at Baylor (L 16–14),,,,,,,,,,,,,,,,,,,,,,,,,,,,,,,,,,,
221,Notre Dame,6,11/24/1990,01/01/1991,0,vs. USC (W 10–6),vs. Colorado (Orange Bowl) (L 10–9),,,,,,,,,,,,,,,,,,,,,,,,,,,,,,,,,,,,
220,USC,9,11/17/1990,11/24/1990,0,vs. UCLA (W 45–42),at Notre Dame (L 10–6),,,,,,,,,,,,,,,,,,,,,,,,,,,,,,,,,,,,
219,UCLA,9,11/10/1990,11/17/1990,0,vs. Washington (W 25–22),at USC (L 45–42),,,,,,,,,,,,,,,,,,,,,,,,,,,,,,,,,,,,
218,Washington,8,10/27/1990,11/10/1990,1,at California (W 46–7),at Arizona (W 54–10),at UCLA (L 25–22),,,,,,,,,,,,,,,,,,,,,,,,,,,,,,,,,,,
217,California,1,09/29/1990,10/27/1990,3,vs. Arizona (W 30–25),at San José State (W 35–34),vs. Arizona State (W 31–24),at UCLA (W 38–31),vs. Washington (L 46–7),,,,,,,,,,,,,,,,,,,,,,,,,,,,,,,,,
216,Arizona,3,09/08/1990,09/29/1990,2,at Illinois (W 28–16),vs. New Mexico (W 25–10),at Oregon (W 22–17),at California (L 30–25),,,,,,,,,,,,,,,,,,,,,,,,,,,,,,,,,,
215,Illinois,2,01/01/1990,09/08/1990,0,vs. Virginia (Citrus Bowl) (W 31–21),vs. Arizona (L 28–16),,,,,,,,,,,,,,,,,,,,,,,,,,,,,,,,,,,,
214,Virginia,1,11/04/1989,01/01/1990,2,vs. NC State (W 20–9),at Virginia Tech (W 32–25),vs. Maryland (W 48–21),vs. Illinois (Citrus Bowl) (L 31–21),,,,,,,,,,,,,,,,,,,,,,,,,,,,,,,,,,
213,NC State,1,10/28/1989,11/04/1989,0,vs. South Carolina (W 20–10),at Virginia (L 20–9),,,,,,,,,,,,,,,,,,,,,,,,,,,,,,,,,,,,
212,South Carolina,1,09/30/1989,10/28/1989,2,vs. Georgia (W 24–20),at East Carolina (W 47–14),at Western Carolina (W 24–3),at NC State (L 20–10),,,,,,,,,,,,,,,,,,,,,,,,,,,,,,,,,,
211,Georgia,4,09/23/1989,09/30/1989,0,at Mississippi State (W 23–6),at South Carolina (L 24–20),,,,,,,,,,,,,,,,,,,,,,,,,,,,,,,,,,,,
210,Mississippi State,3,09/09/1989,09/23/1989,0,vs. Southern Miss (W 26–23),vs. Georgia (L 23–6),,,,,,,,,,,,,,,,,,,,,,,,,,,,,,,,,,,,
209,Southern Miss,2,09/02/1989,09/09/1989,0,at Florida State (W 30–26),at Mississippi State (L 26–23),,,,,,,,,,,,,,,,,,,,,,,,,,,,,,,,,,,,
208,Florida State,1,09/17/1988,09/02/1989,9,vs. Clemson (W 24–21),at Michigan State (W 30–7),vs. Tulane (W 48–28),at Georgia Southern (W 28–10),at East Carolina (W 45–21),at Louisiana Tech (W 66–3),vs. South Carolina (W 59–0),at Virginia Tech (W 41–14),at Florida (W 52–17),vs. Auburn (Sugar Bowl) (W 13–7),vs. Southern Miss (L 30–26),,,,,,,,,,,,,,,,,,,,,,,,,,,
207,Clemson,2,01/01/1988,09/17/1988,2,vs. Penn State (Citrus Bowl) (W 35–10),at Virginia Tech (W 40–7),at Furman (W 23–3),at Florida State (L 24–21),,,,,,,,,,,,,,,,,,,,,,,,,,,,,,,,,,
206,Penn State,4,11/21/1987,01/01/1988,0,at Notre Dame (W 21–20),vs. Clemson (Citrus Bowl) (L 35–10),,,,,,,,,,,,,,,,,,,,,,,,,,,,,,,,,,,,
205,Notre Dame,5,11/14/1987,11/21/1987,0,at Alabama (W 37–6),vs. Penn State (L 21–20),,,,,,,,,,,,,,,,,,,,,,,,,,,,,,,,,,,,
204,Alabama,9,11/07/1987,11/14/1987,0,vs. LSU (W 22–10),vs. Notre Dame (L 37–6),,,,,,,,,,,,,,,,,,,,,,,,,,,,,,,,,,,,
203,LSU,6,10/03/1987,11/07/1987,3,at Florida (W 13–10),vs. Georgia (W 26–23),at Kentucky (W 34–9),vs. Ole Miss (W 42–13),at Alabama (L 22–10),,,,,,,,,,,,,,,,,,,,,,,,,,,,,,,,,
202,Florida,2,09/19/1987,10/03/1987,1,vs. Alabama (W 23–14),at Mississippi State (W 38–3),vs. LSU (L 13–10),,,,,,,,,,,,,,,,,,,,,,,,,,,,,,,,,,,
201,Alabama,8,09/12/1987,09/19/1987,0,vs. Penn State (W 24–13),at Florida (L 23–14),,,,,,,,,,,,,,,,,,,,,,,,,,,,,,,,,,,,
200,Penn State,3,10/25/1986,09/12/1987,6,vs. Alabama (W 23–3),vs. West Virginia (W 19–0),at Maryland (W 17–15),vs. Notre Dame (W 24–19),at Pittsburgh (W 34–14),vs. Miami (Fiesta Bowl) (W 14–10),at Bowling Green (W 45–19),at Alabama (L 24–13),,,,,,,,,,,,,,,,,,,,,,,,,,,,,,
199,Alabama,7,12/28/1985,10/25/1986,7,vs. USC (Aloha Bowl) (W 24–3),at Ohio State (W 16–10),at Vanderbilt (W 42–10),at Southern Miss (W 31–17),vs. Florida (W 21–7),at Notre Dame (W 28–10),at Memphis (W 37–0),vs. Tennessee (W 56–28),at Penn State (L 23–3),,,,,,,,,,,,,,,,,,,,,,,,,,,,,
198,USC,8,11/23/1985,12/28/1985,1,at UCLA (W 17–13),at Oregon (W 20–6),vs. Alabama (Aloha Bowl) (L 24–3),,,,,,,,,,,,,,,,,,,,,,,,,,,,,,,,,,,
197,UCLA,8,11/09/1985,11/23/1985,1,vs. Arizona (W 24–19),at Oregon State (W 41–0),vs. USC (L 17–13),,,,,,,,,,,,,,,,,,,,,,,,,,,,,,,,,,,
196,Arizona,2,11/02/1985,11/09/1985,0,vs. Oregon State (W 27–6),at UCLA (L 24–19),,,,,,,,,,,,,,,,,,,,,,,,,,,,,,,,,,,,
195,Oregon State,2,10/19/1985,11/02/1985,0,vs. Washington (W 21–20),at Arizona (L 27–6),,,,,,,,,,,,,,,,,,,,,,,,,,,,,,,,,,,,
194,Washington,7,09/28/1985,10/19/1985,2,at UCLA (W 21–14),vs. Oregon (W 19–13),vs. California (W 28–12),at Oregon State (L 21–20),,,,,,,,,,,,,,,,,,,,,,,,,,,,,,,,,,
193,UCLA,7,11/17/1984,09/28/1985,4,at USC (W 29–10),vs. Miami (Fiesta Bowl) (W 39–37),vs. BYU (W 27–24),at Tennessee (T 26–26),at San Diego State (W 34–16),vs. Washington (L 21–14),,,,,,,,,,,,,,,,,,,,,,,,,,,,,,,,
192,USC,7,11/10/1984,11/17/1984,0,at Washington (W 16–7),vs. UCLA (L 29–10),,,,,,,,,,,,,,,,,,,,,,,,,,,,,,,,,,,,
191,Washington,6,09/15/1984,11/10/1984,7,vs. Michigan (W 20–11),at Houston (W 35–7),at Miami (OH) (W 53–7),vs. Oregon State (W 19–7),vs. Stanford (W 37–15),at Oregon (W 17–10),at Arizona (W 28–12),at California (W 44–14),vs. USC (L 16–7),,,,,,,,,,,,,,,,,,,,,,,,,,,,,
190,Michigan,7,09/08/1984,09/15/1984,0,at Miami (W 22–14),at Washington (L 20–11),,,,,,,,,,,,,,,,,,,,,,,,,,,,,,,,,,,,
189,Miami,3,08/27/1984,09/08/1984,1,at Auburn (W 20–18),at Florida (W 32–20),vs. Michigan (L 22–14),,,,,,,,,,,,,,,,,,,,,,,,,,,,,,,,,,,
188,Auburn,4,10/29/1983,08/27/1984,4,at Florida (W 28–21),at Maryland (W 35–23),vs. Georgia (W 13–7),at Alabama (W 23–20),vs. Michigan (Sugar Bowl) (W 9–7),vs. Miami (L 20–18),,,,,,,,,,,,,,,,,,,,,,,,,,,,,,,,
187,Florida,1,10/01/1983,10/29/1983,2,vs. LSU (W 31–17),at Vanderbilt (W 29–10),at East Carolina (W 24–17),vs. Auburn (L 28–21),,,,,,,,,,,,,,,,,,,,,,,,,,,,,,,,,,
186,LSU,5,09/24/1983,10/01/1983,0,at Washington (W 40–14),at Florida (L 31–17),,,,,,,,,,,,,,,,,,,,,,,,,,,,,,,,,,,,
185,Washington,5,09/17/1983,09/24/1983,0,at Michigan (W 25–24),vs. LSU (L 40–14),,,,,,,,,,,,,,,,,,,,,,,,,,,,,,,,,,,,
184,Michigan,6,09/10/1983,09/17/1983,0,at Washington State (W 20–17),vs. Washington (L 25–24),,,,,,,,,,,,,,,,,,,,,,,,,,,,,,,,,,,,
183,Washington State,2,11/20/1982,09/10/1983,1,at Washington (W 24–20),at Montana State (W 27–7),vs. Michigan (L 20–17),,,,,,,,,,,,,,,,,,,,,,,,,,,,,,,,,,,
182,Washington,4,11/13/1982,11/20/1982,0,vs. Arizona State (W 17–13),vs. Washington State (L 24–20),,,,,,,,,,,,,,,,,,,,,,,,,,,,,,,,,,,,
181,Arizona State,2,10/09/1982,11/13/1982,3,at Stanford (W 21–17),at UTEP (W 37–6),at USC (W 17–10),at Oregon State (W 30–16),at Washington (L 17–13),,,,,,,,,,,,,,,,,,,,,,,,,,,,,,,,,
180,Stanford,4,09/25/1982,10/09/1982,1,vs. Ohio State (W 23–20),at Oregon State (W 45–5),vs. Arizona State (L 21–17),,,,,,,,,,,,,,,,,,,,,,,,,,,,,,,,,,,
179,Ohio State,5,11/21/1981,09/25/1982,3,vs. Michigan (W 14–9),vs. Navy (Liberty Bowl) (W 31–28),at Baylor (W 21–14),vs. Michigan State (W 31–10),at Stanford (L 23–20),,,,,,,,,,,,,,,,,,,,,,,,,,,,,,,,,
178,Michigan,5,10/31/1981,11/21/1981,2,vs. Minnesota (W 34–13),at Illinois (W 70–21),vs. Purdue (W 28–10),at Ohio State (L 14–9),,,,,,,,,,,,,,,,,,,,,,,,,,,,,,,,,,
177,Minnesota,1,10/24/1981,10/31/1981,0,vs. Iowa (W 12–10),at Michigan (L 34–13),,,,,,,,,,,,,,,,,,,,,,,,,,,,,,,,,,,,
176,Iowa,1,09/26/1981,10/24/1981,3,at UCLA (W 20–7),vs. Northwestern (W 64–0),at Indiana (W 42–28),vs. Michigan (W 9–7),at Minnesota (L 12–10),,,,,,,,,,,,,,,,,,,,,,,,,,,,,,,,,
175,UCLA,6,09/19/1981,09/26/1981,0,vs. Wisconsin (W 31–13),vs. Iowa (L 20–7),,,,,,,,,,,,,,,,,,,,,,,,,,,,,,,,,,,,
174,Wisconsin,2,09/12/1981,09/19/1981,0,at Michigan (W 21–14),at UCLA (L 31–13),,,,,,,,,,,,,,,,,,,,,,,,,,,,,,,,,,,,
173,Michigan,4,01/01/1981,09/12/1981,0,vs. Washington (Rose Bowl) (W 23–6),vs. Wisconsin (L 21–14),,,,,,,,,,,,,,,,,,,,,,,,,,,,,,,,,,,,
172,Washington,3,11/15/1980,01/01/1981,1,vs. USC (W 20–10),vs. Washington State (W 30–23),vs. Michigan (Rose Bowl) (L 23–6),,,,,,,,,,,,,,,,,,,,,,,,,,,,,,,,,,,
171,USC,6,11/11/1978,11/15/1980,24,at Washington (W 28–10),vs. UCLA (W 17–10),at Notre Dame (W 27–25),vs. Hawai'i (W 21–5),vs. Michigan (Rose Bowl) (W 17–10),vs. Texas Tech (W 21–7),vs. Oregon State (W 42–5),at Minnesota (W 48–14),vs. LSU (W 17–12),at Washington State (W 50–21),vs. Stanford (T 21–21),vs. Notre Dame (W 42–23),vs. California (W 24–14),at Arizona (W 34–7),vs. Washington (W 24–17),at UCLA (W 49–14),vs. Ohio State (Rose Bowl) (W 17–16),vs. Tennessee (W 20–17),at South Carolina (W 23–13),vs. Minnesota (W 24–7),at Arizona State (W 23–21),vs. Arizona (W 27–10),at Oregon (T 7–7),at California (W 60–7),vs. Stanford (W 34–9),at Washington (L 20–10),,,,,,,,,,,,
170,Washington,2,10/28/1978,11/11/1978,1,at Arizona State (W 41–7),at Arizona (W 31–21),vs. USC (L 28–10),,,,,,,,,,,,,,,,,,,,,,,,,,,,,,,,,,,
169,Arizona State,1,10/14/1978,10/28/1978,0,at USC (W 20–7),vs. Washington (L 41–7),,,,,,,,,,,,,,,,,,,,,,,,,,,,,,,,,,,,
168,USC,5,09/23/1978,10/14/1978,1,vs. Alabama (W 24–14),at Michigan State (W 30–9),vs. Arizona State (L 20–7),,,,,,,,,,,,,,,,,,,,,,,,,,,,,,,,,,,
167,Alabama,6,10/08/1977,09/23/1978,9,vs. USC (W 21–20),at Tennessee (W 24–10),at Louisville (W 55–6),vs. Mississippi State (W 37–7),vs. LSU (W 24–3),at Miami (W 36–0),at Auburn (W 48–21),vs. Ohio State (Sugar Bowl) (W 35–6),at Nebraska (W 20–3),vs. Missouri (W 38–20),at USC (L 24–14),,,,,,,,,,,,,,,,,,,,,,,,,,,
166,USC,4,11/20/1976,10/08/1977,6,vs. UCLA (W 24–14),at Notre Dame (W 17–13),vs. Michigan (Rose Bowl) (W 14–6),vs. Missouri (W 27–10),vs. Oregon State (W 17–10),at TCU (W 51–0),at Washington State (W 41–7),at Alabama (L 21–20),,,,,,,,,,,,,,,,,,,,,,,,,,,,,,
165,UCLA,5,01/01/1976,11/20/1976,10,vs. Ohio State (Rose Bowl) (W 23–10),vs. Arizona State (W 28–10),at Arizona (W 37–9),at Air Force (W 40–7),at Ohio State (T 10–10),at Stanford (W 38–20),at Washington State (W 62–3),vs. California (W 35–19),vs. Washington (W 30–21),at Oregon (W 46–0),vs. Oregon State (W 45–14),at USC (L 24–14),,,,,,,,,,,,,,,,,,,,,,,,,,
164,Ohio State,4,10/04/1975,01/01/1976,7,vs. UCLA (W 41–20),at Iowa (W 49–0),at Wisconsin (W 56–0),vs. Purdue (W 35–6),at Indiana (W 24–14),vs. Illinois (W 40–3),at Minnesota (W 38–6),vs. Michigan (W 21–14),vs. UCLA (Rose Bowl) (L 23–10),,,,,,,,,,,,,,,,,,,,,,,,,,,,,
163,UCLA,4,09/20/1975,10/04/1975,1,at Tennessee (W 34–28),at Air Force (T 20–20),at Ohio State (L 41–20),,,,,,,,,,,,,,,,,,,,,,,,,,,,,,,,,,,
162,Tennessee,7,10/26/1974,09/20/1975,6,at Clemson (W 29–28),at Memphis (W 34–6),at Ole Miss (W 29–17),at Kentucky (W 24–7),at Vanderbilt (T 21–21),vs. Maryland (Liberty Bowl) (W 7–3),at Maryland (W 26–8),vs. UCLA (L 34–28),,,,,,,,,,,,,,,,,,,,,,,,,,,,,,
161,Clemson,1,10/19/1974,10/26/1974,0,at Duke (W 17–13),vs. Tennessee (L 29–28),,,,,,,,,,,,,,,,,,,,,,,,,,,,,,,,,,,,
160,Duke,2,10/05/1974,10/19/1974,1,at Purdue (W 16–14),at Army (W 33–14),vs. Clemson (L 17–13),,,,,,,,,,,,,,,,,,,,,,,,,,,,,,,,,,,
159,Purdue,2,09/28/1974,10/05/1974,0,vs. Notre Dame (W 31–20),vs. Duke (L 16–14),,,,,,,,,,,,,,,,,,,,,,,,,,,,,,,,,,,,
158,Notre Dame,4,10/27/1973,09/28/1974,7,at USC (W 23–14),at Navy (W 44–7),vs. Pittsburgh (W 31–10),at Air Force (W 48–15),vs. Miami (W 44–0),vs. Alabama (Sugar Bowl) (W 24–23),vs. Georgia Tech (W 31–7),vs. Northwestern (W 49–3),at Purdue (L 31–20),,,,,,,,,,,,,,,,,,,,,,,,,,,,,
157,USC,3,01/01/1973,10/27/1973,6,vs. Ohio State (Rose Bowl) (W 42–17),at Arkansas (W 17–0),vs. Georgia Tech (W 23–6),vs. Oklahoma (T 7–7),vs. Oregon State (W 21–7),at Washington State (W 46–35),at Oregon (W 31–10),vs. Notre Dame (L 23–14),,,,,,,,,,,,,,,,,,,,,,,,,,,,,,
156,Ohio State,3,11/25/1972,01/01/1973,0,at Michigan (W 14–11),vs. USC (Rose Bowl) (L 42–17),,,,,,,,,,,,,,,,,,,,,,,,,,,,,,,,,,,,
155,Michigan,3,09/23/1972,11/25/1972,8,vs. UCLA (W 26–9),at Tulane (W 41–7),at Navy (W 35–7),at Michigan State (W 10–0),vs. Illinois (W 31–7),at Minnesota (W 42–0),vs. Indiana (W 21–7),vs. Iowa (W 31–0),at Purdue (W 9–6),vs. Ohio State (L 14–11),,,,,,,,,,,,,,,,,,,,,,,,,,,,
154,UCLA,3,09/09/1972,09/23/1972,1,at Nebraska (W 20–17),vs. Pittsburgh (W 38–28),at Michigan (L 26–9),,,,,,,,,,,,,,,,,,,,,,,,,,,,,,,,,,,
153,Nebraska,2,01/01/1972,09/09/1972,0,vs. Alabama (Orange Bowl) (W 38–6),vs. UCLA (L 20–17),,,,,,,,,,,,,,,,,,,,,,,,,,,,,,,,,,,,
152,Alabama,5,11/27/1971,01/01/1972,0,at Auburn (W 31–7),vs. Nebraska (Orange Bowl) (L 38–6),,,,,,,,,,,,,,,,,,,,,,,,,,,,,,,,,,,,
151,Auburn,3,11/13/1971,11/27/1971,0,vs. Georgia (W 35–20),vs. Alabama (L 31–7),,,,,,,,,,,,,,,,,,,,,,,,,,,,,,,,,,,,
150,Georgia,3,09/18/1971,11/13/1971,7,at Tulane (W 17–7),vs. Clemson (W 28–0),at Mississippi State (W 35–7),vs. Ole Miss (W 38–7),vs. Vanderbilt (W 24–0),at Kentucky (W 34–0),vs. South Carolina (W 24–0),at Florida (W 49–7),at Auburn (L 35–20),,,,,,,,,,,,,,,,,,,,,,,,,,,,,
149,Tulane,2,12/12/1970,09/18/1971,1,vs. Colorado (Liberty Bowl) (W 17–3),at Texas Tech (W 15–9),vs. Georgia (L 17–7),,,,,,,,,,,,,,,,,,,,,,,,,,,,,,,,,,,
148,Colorado,2,11/21/1970,12/12/1970,0,vs. Air Force (W 49–19),vs. Tulane (Liberty Bowl) (L 17–3),,,,,,,,,,,,,,,,,,,,,,,,,,,,,,,,,,,,
147,Air Force,1,11/14/1970,11/21/1970,0,at Stanford (W 31–14),at Colorado (L 49–19),,,,,,,,,,,,,,,,,,,,,,,,,,,,,,,,,,,,
146,Stanford,3,10/10/1970,11/14/1970,4,at USC (W 24–14),vs. Washington State (W 63–16),vs. UCLA (W 9–7),at Oregon State (W 48–10),at Washington (W 29–22),vs. Air Force (L 31–14),,,,,,,,,,,,,,,,,,,,,,,,,,,,,,,,
145,USC,2,01/01/1970,10/10/1970,4,vs. Michigan (Rose Bowl) (W 10–3),vs. Alabama (W 42–21),vs. Nebraska (T 21–21),vs. Iowa (W 48–0),at Oregon State (W 45–13),vs. Stanford (L 24–14),,,,,,,,,,,,,,,,,,,,,,,,,,,,,,,,
144,Michigan,2,11/22/1969,01/01/1970,0,at Ohio State (W 24–12),vs. USC (Rose Bowl) (L 10–3),,,,,,,,,,,,,,,,,,,,,,,,,,,,,,,,,,,,
143,Ohio State,2,10/12/1968,11/22/1969,15,at Purdue (W 13–0),at Northwestern (W 45–21),vs. Illinois (W 31–24),at Michigan State (W 25–20),vs. Wisconsin (W 43–8),vs. Iowa (W 33–27),at Michigan (W 50–14),vs. USC (Rose Bowl) (W 27–16),at TCU (W 62–0),vs. Washington (W 41–14),at Michigan State (W 54–21),vs. Minnesota (W 34–7),at Illinois (W 41–0),vs. Northwestern (W 35–6),at Wisconsin (W 62–7),at Purdue (W 42–14),vs. Michigan (L 24–12),,,,,,,,,,,,,,,,,,,,,
142,Purdue,1,09/28/1968,10/12/1968,1,vs. Notre Dame (W 37–22),vs. Northwestern (W 43–6),vs. Ohio State (L 13–0),,,,,,,,,,,,,,,,,,,,,,,,,,,,,,,,,,,
141,Notre Dame,3,09/21/1968,09/28/1968,0,at Oklahoma (W 45–21),at Purdue (L 37–22),,,,,,,,,,,,,,,,,,,,,,,,,,,,,,,,,,,,
140,Oklahoma,2,01/01/1968,09/21/1968,0,vs. Tennessee (Orange Bowl) (W 26–24),vs. Notre Dame (L 45–21),,,,,,,,,,,,,,,,,,,,,,,,,,,,,,,,,,,,
139,Tennessee,6,11/18/1967,01/01/1968,2,at Ole Miss (W 20–7),vs. Kentucky (W 17–7),at Vanderbilt (W 41–14),vs. Oklahoma (Orange Bowl) (L 26–24),,,,,,,,,,,,,,,,,,,,,,,,,,,,,,,,,,
138,Ole Miss,4,10/14/1967,11/18/1967,3,at Georgia (W 29–20),at Southern Miss (W 23–14),at Houston (W 14–13),vs. LSU (T 13–13),vs. Tennessee (L 20–7),,,,,,,,,,,,,,,,,,,,,,,,,,,,,,,,,
137,Georgia,2,11/26/1966,10/14/1967,4,at Georgia Tech (W 23–14),vs. SMU (Cotton Bowl) (W 24–9),at Mississippi State (W 30–0),vs. Clemson (W 24–17),at South Carolina (W 21–0),vs. Ole Miss (L 29–20),,,,,,,,,,,,,,,,,,,,,,,,,,,,,,,,
136,Georgia Tech,2,10/08/1966,11/26/1966,5,at Tennessee (W 6–3),vs. Auburn (W 17–3),at Tulane (W 35–17),vs. Duke (W 48–7),at Virginia (W 14–13),at Penn State (W 21–0),vs. Georgia (L 23–14),,,,,,,,,,,,,,,,,,,,,,,,,,,,,,,
135,Tennessee,5,10/01/1966,10/08/1966,0,at Rice (W 23–3),vs. Georgia Tech (L 6–3),,,,,,,,,,,,,,,,,,,,,,,,,,,,,,,,,,,,
134,Rice,2,09/24/1966,10/01/1966,0,at LSU (W 17–15),vs. Tennessee (L 23–3),,,,,,,,,,,,,,,,,,,,,,,,,,,,,,,,,,,,
133,LSU,4,01/01/1966,09/24/1966,1,vs. Arkansas (Cotton Bowl) (W 14–7),at South Carolina (W 28–12),vs. Rice (L 17–15),,,,,,,,,,,,,,,,,,,,,,,,,,,,,,,,,,,
132,Arkansas,1,10/16/1965,01/01/1966,5,at Texas (W 27–24),at North Texas (W 55–20),at Texas A&M (W 31–0),vs. Rice (W 31–0),vs. SMU (W 24–3),at Texas Tech (W 42–24),vs. LSU (Cotton Bowl) (L 14–7),,,,,,,,,,,,,,,,,,,,,,,,,,,,,,,
131,Texas,2,01/01/1965,10/16/1965,4,vs. Alabama (Orange Bowl) (W 21–17),at Tulane (W 31–0),at Texas Tech (W 33–7),at Indiana (W 27–12),at Oklahoma (W 19–0),vs. Arkansas (L 27–24),,,,,,,,,,,,,,,,,,,,,,,,,,,,,,,,
130,Alabama,4,01/01/1964,01/01/1965,10,vs. Ole Miss (Sugar Bowl) (W 12–7),at Georgia (W 31–3),at Tulane (W 36–6),at Vanderbilt (W 24–0),at NC State (W 21–0),vs. Tennessee (W 19–8),at Florida (W 17–14),vs. Mississippi State (W 23–6),at LSU (W 17–9),vs. Georgia Tech (W 24–7),at Auburn (W 21–14),vs. Texas (Orange Bowl) (L 21–17),,,,,,,,,,,,,,,,,,,,,,,,,,
129,Ole Miss,3,11/03/1962,01/01/1964,13,vs. LSU (W 15–7),at Chattanooga (W 52–7),vs. Tennessee (W 19–6),at Mississippi State (W 13–6),vs. Arkansas (Sugar Bowl) (W 17–13),at Memphis (T 0–0),vs. Kentucky (W 31–7),vs. Houston (W 20–6),vs. Tulane (W 21–0),at Vanderbilt (W 27–7),vs. LSU (W 37–3),at Tampa (W 41–0),at Tennessee (W 20–0),at Mississippi State (T 10–10),vs. Alabama (Sugar Bowl) (L 12–7),,,,,,,,,,,,,,,,,,,,,,,
128,LSU,3,11/04/1961,11/03/1962,10,at Ole Miss (W 10–7),vs. North Carolina (W 30–0),at Mississippi State (W 14–6),at Tulane (W 62–0),vs. Colorado (Orange Bowl) (W 25–7),at Texas A&M (W 21–0),vs. Rice (T 6–6),vs. Georgia Tech (W 10–7),at Miami (W 17–3),vs. Kentucky (W 7–0),at Florida (W 23–0),at Ole Miss (L 15–7),,,,,,,,,,,,,,,,,,,,,,,,,,
127,Ole Miss,2,11/14/1959,11/04/1961,19,at Tennessee (W 37–7),vs. Mississippi State (W 42–0),vs. LSU (Sugar Bowl) (W 21–0),vs. Houston (W 42–0),at Kentucky (W 21–6),vs. Memphis (W 31–20),vs. Vanderbilt (W 26–0),vs. Tulane (W 26–13),vs. Arkansas (W 10–7),vs. LSU (T 6–6),at Chattanooga (W 45–0),vs. Tennessee (W 24–3),at Mississippi State (W 35–9),vs. Rice (Sugar Bowl) (W 14–6),at Arkansas (W 16–0),vs. Kentucky (W 20–6),at Florida State (W 33–0),at Houston (W 47–7),at Tulane (W 41–0),at Vanderbilt (W 47–0),vs. LSU (L 10–7),,,,,,,,,,,,,,,,,
126,Tennessee,4,11/07/1959,11/14/1959,0,at LSU (W 14–13),vs. Ole Miss (L 37–7),,,,,,,,,,,,,,,,,,,,,,,,,,,,,,,,,,,,
125,LSU,2,11/01/1958,11/07/1959,11,at Ole Miss (W 14–0),at Duke (W 50–18),vs. Mississippi State (W 7–6),vs. Tulane (W 62–0),vs. Clemson (Sugar Bowl) (W 7–0),at Rice (W 26–3),at TCU (W 10–0),at Baylor (W 22–0),at Miami (W 27–3),vs. Kentucky (W 9–0),vs. Florida (W 9–0),at Ole Miss (W 7–3),vs. Tennessee (L 14–13),,,,,,,,,,,,,,,,,,,,,,,,,
124,Ole Miss,1,11/16/1957,11/01/1958,8,at Tennessee (W 14–7),at Mississippi State (T 7–7),vs. Texas (Sugar Bowl) (W 39–7),vs. Memphis (W 17–0),at Kentucky (W 27–6),vs. Trinity (Texas) (W 21–0),vs. Tulane (W 19–8),at Hardin–Simmons (W 24–0),vs. Arkansas (W 14–12),vs. LSU (L 14–0),,,,,,,,,,,,,,,,,,,,,,,,,,,,
123,Tennessee,3,10/26/1957,11/16/1957,2,vs. Maryland (W 16–0),vs. North Carolina (W 35–0),at Georgia Tech (W 21–6),vs. Ole Miss (L 14–7),,,,,,,,,,,,,,,,,,,,,,,,,,,,,,,,,,
122,Maryland,1,10/19/1957,10/26/1957,0,at North Carolina (W 21–7),at Tennessee (L 16–0),,,,,,,,,,,,,,,,,,,,,,,,,,,,,,,,,,,,
121,North Carolina,1,10/11/1957,10/19/1957,0,vs. Miami (W 20–13),vs. Maryland (L 21–7),,,,,,,,,,,,,,,,,,,,,,,,,,,,,,,,,,,,
120,Miami,2,10/05/1957,10/11/1957,0,at Baylor (W 13–7),at North Carolina (L 20–13),,,,,,,,,,,,,,,,,,,,,,,,,,,,,,,,,,,,
119,Baylor,1,01/01/1957,10/05/1957,2,vs. Tennessee (Sugar Bowl) (W 13–7),at Villanova (W 7–0),at Houston (W 14–6),vs. Miami (L 13–7),,,,,,,,,,,,,,,,,,,,,,,,,,,,,,,,,,
118,Tennessee,2,11/26/1955,01/01/1957,10,at Vanderbilt (W 20–14),vs. Auburn (W 35–7),vs. Duke (W 33–20),at Chattanooga (W 42–20),at Alabama (W 24–0),at Maryland (W 34–7),at North Carolina (W 20–0),vs. Georgia Tech (W 6–0),at Ole Miss (W 27–7),at Kentucky (W 20–7),vs. Vanderbilt (W 27–7),vs. Baylor (Sugar Bowl) (L 13–7),,,,,,,,,,,,,,,,,,,,,,,,,,
117,Vanderbilt,1,11/12/1955,11/26/1955,1,vs. Tulane (W 20–7),at Florida (W 21–6),vs. Tennessee (L 20–14),,,,,,,,,,,,,,,,,,,,,,,,,,,,,,,,,,,
116,Tulane,1,10/29/1955,11/12/1955,1,at Auburn (W 27–13),vs. Alabama (W 27–7),at Vanderbilt (L 20–7),,,,,,,,,,,,,,,,,,,,,,,,,,,,,,,,,,,
115,Auburn,2,11/06/1954,10/29/1955,9,at Miami (W 14–13),at Georgia (W 35–0),at Clemson (W 27–6),at Alabama (W 28–0),vs. Baylor (Gator Bowl) (W 33–13),at Chattanooga (W 15–6),at Florida (W 13–0),vs. Kentucky (T 14–14),vs. Georgia Tech (W 14–12),at Furman (W 52–0),vs. Tulane (L 27–13),,,,,,,,,,,,,,,,,,,,,,,,,,,
114,Miami,1,10/15/1954,11/06/1954,2,at Mississippi State (W 27–13),at Maryland (W 9–7),at Fordham (W 75–7),vs. Auburn (L 14–13),,,,,,,,,,,,,,,,,,,,,,,,,,,,,,,,,,
113,Mississippi State,2,10/02/1954,10/15/1954,1,at Arkansas State (W 46–13),vs. Tulane (W 14–0),vs. Miami (L 27–13),,,,,,,,,,,,,,,,,,,,,,,,,,,,,,,,,,,
112,Arkansas State,1,11/07/1953,10/02/1954,4,vs. Memphis (W 20–0),vs. Tennessee Tech (W 14–7),at Nebraska–Kearney (W 32–0),vs. East Texas State (Tangerine Bowl) (T 7–7),at Lewis (W 25–7),vs. Mississippi State (L 46–13),,,,,,,,,,,,,,,,,,,,,,,,,,,,,,,,
111,Memphis,1,10/31/1953,11/07/1953,0,at Southern Miss (W 27–13),at Arkansas State (L 20–0),,,,,,,,,,,,,,,,,,,,,,,,,,,,,,,,,,,,
110,Southern Miss,1,09/18/1953,10/31/1953,4,vs. Alabama (W 25–19),at Parris Island Marines (W 40–0),at Tampa (W 42–6),vs. Louisiana (W 41–14),at Southeastern Louisiana (W 7–0),vs. Memphis (L 27–13),,,,,,,,,,,,,,,,,,,,,,,,,,,,,,,,
109,Alabama,3,01/01/1953,09/18/1953,0,vs. Syracuse (Orange Bowl) (W 61–6),at Southern Miss (L 25–19),,,,,,,,,,,,,,,,,,,,,,,,,,,,,,,,,,,,
108,Syracuse,3,11/08/1952,01/01/1953,2,at Penn State (W 25–7),at Colgate (W 20–14),vs. Fordham (W 26–13),vs. Alabama (Orange Bowl) (L 61–6),,,,,,,,,,,,,,,,,,,,,,,,,,,,,,,,,,
107,Penn State,2,11/01/1952,11/08/1952,0,vs. Pennsylvania (W 14–7),vs. Syracuse (L 25–7),,,,,,,,,,,,,,,,,,,,,,,,,,,,,,,,,,,,
106,Pennsylvania,4,10/11/1952,11/01/1952,2,vs. Princeton (W 13–7),vs. Columbia (W 27–17),vs. Navy (T 7–7),at Penn State (L 14–7),,,,,,,,,,,,,,,,,,,,,,,,,,,,,,,,,,
105,Princeton,9,10/06/1951,10/11/1952,9,vs. Navy (W 24–20),vs. Pennsylvania (W 13–7),at Lafayette (W 60–7),at Cornell (W 53–15),at Brown (W 12–0),vs. Harvard (W 54–13),at Yale (W 27–0),at Dartmouth (W 13–0),vs. Columbia (W 14–0),at Rutgers (W 61–19),at Pennsylvania (L 13–7),,,,,,,,,,,,,,,,,,,,,,,,,,,
104,Navy,4,12/02/1950,10/06/1951,1,at Army (W 14–2),at Yale (T 7–7),at Princeton (L 24–20),,,,,,,,,,,,,,,,,,,,,,,,,,,,,,,,,,,
103,Army,3,10/23/1948,12/02/1950,21,vs. Cornell (W 27–6),at Virginia Tech (W 49–7),at Stanford (W 43–0),vs. Pennsylvania (W 26–20),vs. Navy (T 21–21),at Davidson (W 47–7),at Penn State (W 42–7),vs. Michigan (W 21–7),vs. Harvard (W 54–14),at Columbia (W 63–6),at VMI (W 40–14),at Fordham (W 35–0),vs. Pennsylvania (W 14–13),at Navy (W 38–0),at Colgate (W 28–0),at Penn State (W 41–7),at Michigan (W 27–6),vs. Harvard (W 49–0),vs. Columbia (W 34–0),vs. Pennsylvania (W 28–13),at New Mexico (W 51–0),vs. Stanford (W 7–0),vs. Navy (L 14–2),,,,,,,,,,,,,,,
102,Cornell,2,10/09/1948,10/23/1948,1,at Harvard (W 40–6),vs. Syracuse (W 34–7),at Army (L 27–6),,,,,,,,,,,,,,,,,,,,,,,,,,,,,,,,,,,
101,Harvard,10,10/02/1948,10/09/1948,0,at Columbia (W 33–24),vs. Cornell (L 40–6),,,,,,,,,,,,,,,,,,,,,,,,,,,,,,,,,,,,
100,Columbia,1,10/25/1947,10/02/1948,5,at Army (W 21–20),vs. Cornell (W 22–0),at Dartmouth (W 15–0),at Holy Cross (W 10–0),at Syracuse (W 28–8),at Rutgers (W 27–6),vs. Harvard (L 33–24),,,,,,,,,,,,,,,,,,,,,,,,,,,,,,,
99,Army,2,12/01/1945,10/25/1947,14,at Navy (W 32–13),at Villanova (W 35–0),at Oklahoma (W 21–7),at Cornell (W 46–21),vs. Michigan (W 20–13),at Columbia (W 48–14),at Duke (W 19–0),at West Virginia (W 19–0),vs. Notre Dame (T 0–0),vs. Pennsylvania (W 34–7),at Navy (W 21–18),at Villanova (W 13–0),at Colorado (W 47–0),vs. Illinois (T 0–0),at Virginia Tech (W 40–0),vs. Columbia (L 21–20),,,,,,,,,,,,,,,,,,,,,,
98,Navy,3,10/06/1945,12/01/1945,6,vs. Duke (W 21–0),at Penn State (W 28–0),at Georgia Tech (W 20–6),vs. Pennsylvania (W 14–7),vs. Notre Dame (T 6–6),at Michigan (W 33–7),at Wisconsin (W 36–7),vs. Army (L 32–13),,,,,,,,,,,,,,,,,,,,,,,,,,,,,,
97,Duke,1,11/04/1944,10/06/1945,6,at Georgia Tech (W 19–13),at Wake Forest (W 34–0),vs. South Carolina (W 34–7),vs. North Carolina (W 33–0),vs. Alabama (Sugar Bowl) (W 29–26),at South Carolina (W 60–0),at Bogue Field (W 76–0),at Navy (L 21–0),,,,,,,,,,,,,,,,,,,,,,,,,,,,,,
96,Georgia Tech,1,10/14/1944,11/04/1944,2,at Auburn (W 27–0),at Navy (W 17–15),at Georgia Pre–Flight (W 13–7),vs. Duke (L 19–13),,,,,,,,,,,,,,,,,,,,,,,,,,,,,,,,,,
95,Auburn,1,11/21/1942,10/14/1944,3,at Georgia (W 27–13),at Clemson (W 41–13),at Samford (W 32–0),at Fort Benning (W 7–0),vs. Georgia Tech (L 27–0),,,,,,,,,,,,,,,,,,,,,,,,,,,,,,,,,
94,Georgia,1,01/01/1942,11/21/1942,2,vs. TCU (Orange Bowl) (W 40–26),at Kentucky (W 7–6),vs. Jacksonville NAS (W 14–0),vs. Furman (W 40–7),at Ole Miss (W 48–13),vs. Tulane (W 40–0),at Cincinnati (W 35–13),at Alabama (W 21–10),at Florida (W 75–0),vs. Chattanooga (W 40–0),vs. Auburn (L 27–13),,,,,,,,,,,,,,,,,,,,,,,,,,,
93,TCU,3,11/15/1941,01/01/1942,2,at Texas (W 14–7),vs. Rice (T 0–0),vs. SMU (W 15–13),vs. Georgia (Orange Bowl) (L40–26),,,,,,,,,,,,,,,,,,,,,,,,,,,,,,,,,,
92,Texas,1,11/28/1940,11/15/1941,8,vs. Texas A&M (W 7–0),at Florida (W 26–0),at Colorado (W 34–6),vs. LSU (W 34–0),vs. Oklahoma (W 40–7),vs. Arkansas (W 48–14),vs. Rice (W 40–0),at SMU (W 34–0),at Baylor (T 7–7),vs. TCU (L 14–7),,,,,,,,,,,,,,,,,,,,,,,,,,,,
91,Texas A&M,1,11/09/1940,11/28/1940,1,at SMU (W 19–7),vs. Rice (W 25–0),at Texas (L 7–0),,,,,,,,,,,,,,,,,,,,,,,,,,,,,,,,,,,
90,SMU,1,09/29/1940,11/09/1940,4,at UCLA (W 9–6),vs. North Texas (W 20–7),at Pittsburgh (T 7–7),vs. Auburn (W 20–13),at Texas (W 21–13),vs. Texas A&M (L 19–7),,,,,,,,,,,,,,,,,,,,,,,,,,,,,,,,
89,UCLA,2,09/29/1939,09/29/1940,9,vs. TCU (W 6–2),at Washington (W 14–7),at Stanford (T 14–14),vs. Montana (W 20–6),vs. Oregon (W 16–6),vs. California (W 20–7),vs. Santa Clara (T 0–0),vs. Oregon State (T 13–13),vs. Washington State (W 24–7),vs. USC (T 0–0),vs. SMU (L 9–6),,,,,,,,,,,,,,,,,,,,,,,,,,,
88,TCU,2,01/02/1939,09/29/1939,0,vs. Carnegie Mellon (Sugar Bowl) (W 15–7),at UCLA (L 6–2),,,,,,,,,,,,,,,,,,,,,,,,,,,,,,,,,,,,
87,Carnegie Mellon,2,11/05/1938,01/02/1939,2,at Pittsburgh (W 20–10),vs. Duquesne (W 21–0),at NC State (W 14–0),vs. TCU (Sugar Bowl) (L 15–7),,,,,,,,,,,,,,,,,,,,,,,,,,,,,,,,,,
86,Pittsburgh,1,09/24/1938,11/05/1938,5,vs. West Virginia (W 19–0),at Temple (W 28–6),vs. Duquesne (W 27–0),at Wisconsin (W 26–6),vs. SMU (W 34–7),vs. Fordham (W 24–13),vs. Carnegie Mellon (L 20–10),,,,,,,,,,,,,,,,,,,,,,,,,,,,,,,
85,West Virginia,1,01/01/1938,09/24/1938,0,vs. Texas Tech (Sun Bowl) (W 7–6),at Pittsburgh (L19–0),,,,,,,,,,,,,,,,,,,,,,,,,,,,,,,,,,,,
84,Texas Tech,2,10/16/1937,01/01/1938,6,vs. Arizona (W 20–0),vs. New Mexico (W 27–0),at Oklahoma State (W 14–6),at Loyola (LA) (W 25–6),vs. Duquesne (W 13–0),at Centenary (LA) (W 7–2),vs. Creighton (W 27–0),vs. West Virginia (Sun Bowl) (L 7–6),,,,,,,,,,,,,,,,,,,,,,,,,,,,,,
83,Arizona,1,10/09/1937,10/16/1937,0,vs. Oklahoma State (W 22–13),at Texas Tech (L 20–0),,,,,,,,,,,,,,,,,,,,,,,,,,,,,,,,,,,,
82,Oklahoma State,1,10/02/1937,10/09/1937,0,vs. Creighton (W 16–13),at Arizona (L 22–13),,,,,,,,,,,,,,,,,,,,,,,,,,,,,,,,,,,,
81,Creighton,1,09/25/1937,10/02/1937,0,vs. Benedictine (KS) (W 6–0),at Oklahoma State (L 16–13),,,,,,,,,,,,,,,,,,,,,,,,,,,,,,,,,,,,
80,Benedictine (KS),1,10/24/1936,09/25/1937,4,vs. Fort Hays State (W 27–12),at Hastings (W 19–12),at Rockhurst (W 32–6),vs. St. Mary's (MN) (W 31–0),vs. West Texas A&M (W 19–0),at Creighton (L 6–0),,,,,,,,,,,,,,,,,,,,,,,,,,,,,,,,
79,Fort Hays State,1,10/17/1936,10/24/1936,0,vs. Wichita State (W 14–0),at Benedictine (KS) (L 27–12),,,,,,,,,,,,,,,,,,,,,,,,,,,,,,,,,,,,
78,Wichita State,1,10/09/1936,10/17/1936,0,vs. Texas Tech (W 6–0),vs. Saint Louis (L 25–7),,,,,,,,,,,,,,,,,,,,,,,,,,,,,,,,,,,,
77,Texas Tech,1,09/26/1936,10/09/1936,1,at TCU (W 7–0),at Oklahoma City (W 34–6),at Wichita State (L 6–0),,,,,,,,,,,,,,,,,,,,,,,,,,,,,,,,,,,
76,TCU,1,01/01/1936,09/26/1936,1,vs. LSU (Sugar Bowl) (W 3–2),vs. Howard Payne (W 6–0),vs. Texas Tech (L 7–0),,,,,,,,,,,,,,,,,,,,,,,,,,,,,,,,,,,
75,LSU,1,11/09/1935,01/01/1936,3,at Mississippi State (W 28–13),vs. Georgia (W 13–0),at Louisiana (W 56–0),vs. Tulane (W 41–0),vs. TCU (Sugar Bowl) (L 3–2),,,,,,,,,,,,,,,,,,,,,,,,,,,,,,,,,
74,Mississippi State,1,10/12/1935,11/09/1935,3,vs. Alabama (W 20–7),vs. Loyola (LA) (W 6–0),vs. Xavier (W 7–0),vs. Army (W 13–7),vs. LSU (L 28–13),,,,,,,,,,,,,,,,,,,,,,,,,,,,,,,,,
73,Alabama,1,01/01/1935,10/12/1935,2,vs. Stanford (Rose Bowl) (W 29–13),vs. Samford (T 7–7),vs. George Washington (W 39–0),at Mississippi State (L 20–7),,,,,,,,,,,,,,,,,,,,,,,,,,,,,,,,,,
72,Stanford,1,11/10/1934,01/01/1935,2,at Washington (W 24–0),at Olympic Club (W 40–0),vs. California (W 9–7),vs. Alabama (Rose Bowl) (L 29–13),,,,,,,,,,,,,,,,,,,,,,,,,,,,,,,,,,
71,Washington,1,10/13/1934,11/10/1934,2,vs. Oregon (W 16–6),at California (W 13–7),at Oregon State (W 14–7),vs. Stanford (L 24–0),,,,,,,,,,,,,,,,,,,,,,,,,,,,,,,,,,
70,Oregon,2,11/30/1933,10/13/1934,2,vs. Saint Mary's (CA) (W 13–7),at Gonzaga (W 13–0),at UCLA (W 26–3),at Washington (L 16–6),,,,,,,,,,,,,,,,,,,,,,,,,,,,,,,,,,
69,Saint Mary's (CA),3,11/04/1933,11/30/1933,3,vs. Fordham (W 13–6),vs. Pacific (W 7–0),at Santa Clara (T 6–6),vs. UCLA (W 22–14),at Oregon (L 13–7),,,,,,,,,,,,,,,,,,,,,,,,,,,,,,,,,
68,Fordham,2,11/05/1932,11/04/1933,7,at Saint Mary's (CA) (W 14–0),at New York University (W 7–0),at Oregon State (W 8–6),at Albright (W 52–0),at Muhlenberg (W 57–0),at West Virginia (W 20–0),at Boston College (W 32–6),at Alabama (W 2–0),at Saint Mary's (CA) (L 13–6),,,,,,,,,,,,,,,,,,,,,,,,,,,,,
67,Saint Mary's (CA),2,11/26/1931,11/05/1932,6,at Oregon (W 16–0),at SMU (W 7–2),vs. West Coast Army (W 20–0),at Nevada (W 35–0),at California (T 12–12),at Santa Clara (W 14–13),at San Francisco (W 16–7),vs. Fordham (L 14–0),,,,,,,,,,,,,,,,,,,,,,,,,,,,,,
66,Oregon,1,11/21/1931,11/26/1931,0,vs. UCLA (W 13–6),vs. Saint Mary's (CA) (L 16–0),,,,,,,,,,,,,,,,,,,,,,,,,,,,,,,,,,,,
65,UCLA,1,11/11/1931,11/21/1931,0,at Saint Mary's (CA) (W 12–0),at Oregon (L 13–6),,,,,,,,,,,,,,,,,,,,,,,,,,,,,,,,,,,,
64,Saint Mary's (CA),1,11/15/1930,11/11/1931,7,vs. Fordham (W 20–12),at Oregon (W 7–6),vs. USC (W 13–7),vs. California (W 14–0),at West Coast Army (W 21–7),vs. San Francisco (W 14–6),at Gonzaga (W 13–7),vs. Santa Clara (W 21–14),vs. UCLA (L 12–0),,,,,,,,,,,,,,,,,,,,,,,,,,,,,
63,Fordham,1,11/23/1929,11/15/1930,7,at Bucknell (W 14–0),at Baltimore (W 73–0),at Buffalo (W 71–0),vs. Boston College (W 3–0),vs. Holy Cross (W 6–0),at New York University (W 7–0),at West Virginia (W 18–2),vs. Detroit Mercy (W 13–7),at Saint Mary's (CA) (L 20–12),,,,,,,,,,,,,,,,,,,,,,,,,,,,,
62,Bucknell,1,11/09/1929,11/23/1929,1,at Villanova (W 9–0),vs. Penn State (W 27–6),vs. Fordham (L 14–0),,,,,,,,,,,,,,,,,,,,,,,,,,,,,,,,,,,
61,Villanova,2,11/17/1928,11/09/1929,7,at Grove City College (W 14–13),at Davis & Elkins (W 20–13),at Lebanon Valley (W 32–13),vs. Boston College (T 7–7),at Loyola (Baltimore) (W 16–7),at Catholic University (W 12–0),at Duke (W 58–12),at Oglethorpe (W 17–7),vs. Bucknell (L 9–0),,,,,,,,,,,,,,,,,,,,,,,,,,,,,
60,Grove City College,1,11/03/1928,11/17/1928,0,vs. Geneva College (W 12–6),vs. Villanova (L 14–13),,,,,,,,,,,,,,,,,,,,,,,,,,,,,,,,,,,,
59,Geneva College,1,10/27/1928,11/03/1928,0,at Duquesne (W 7–0),at Grove City College (L 12–6),,,,,,,,,,,,,,,,,,,,,,,,,,,,,,,,,,,,
58,Duquesne,1,10/13/1928,10/27/1928,1,vs. Washington & Jefferson (W 12–6),at Loyola (Baltimore) (W 6–0),vs. Geneva College (L 7–0),,,,,,,,,,,,,,,,,,,,,,,,,,,,,,,,,,,
57,Washington & Jefferson,1,10/15/1927,10/13/1928,7,vs. Carnegie Mellon (W 20–6),vs. Lafayette (W 14–0),vs. Thiel (W 33–0),at Pittsburgh (T 0–0),vs. Bucknell (W 19–3),at West Virginia (T 6–6),at Bethany (West Virginia) (W 24–0),vs. Waynesburg (W 24–0),at Duquesne (L 12–6),,,,,,,,,,,,,,,,,,,,,,,,,,,,,
56,Carnegie Mellon,1,11/27/1926,10/15/1927,3,at Notre Dame (W 19–0),vs. Westminster (Pennsylvania) (W 25–0),at Thiel (W 40–0),at Drexel (W 58–0),at Washington & Jefferson (L 20–6),,,,,,,,,,,,,,,,,,,,,,,,,,,,,,,,,
55,Notre Dame,2,10/16/1926,11/27/1926,5,at Penn State (W 28–0),vs. Northwestern (W 6–0),at Georgia Tech (W 12–0),at Indiana (W 26–0),vs. Army (W 7–0),at Drake (W 21–0),vs. Carnegie Mellon (L 19–0),,,,,,,,,,,,,,,,,,,,,,,,,,,,,,,
54,Penn State,1,10/02/1926,10/16/1926,1,at Lebanon Valley (W 35–0),at Marietta (W 48–6),vs. Notre Dame (L 28–0),,,,,,,,,,,,,,,,,,,,,,,,,,,,,,,,,,,
53,Lebanon Valley,1,09/25/1926,10/02/1926,0,vs. Villanova (W 30–12),vs. Penn State (L 35–0),,,,,,,,,,,,,,,,,,,,,,,,,,,,,,,,,,,,
52,Villanova,1,11/26/1925,09/25/1926,0,vs. Muhlenberg (W 23–9),at Lebanon Valley (L 30–12),,,,,,,,,,,,,,,,,,,,,,,,,,,,,,,,,,,,
51,Muhlenberg,1,10/31/1925,11/26/1925,2,vs. Lehigh (W 9–7),at Franklin & Marshall (W 38–7),vs. Catholic University (W 7–0),at Villanova (L 23–9),,,,,,,,,,,,,,,,,,,,,,,,,,,,,,,,,,
50,Lehigh,1,10/17/1925,10/31/1925,1,at WV Wesleyan (W 3–0),vs. Rutgers (W 7–0),at Muhlenberg (L 9–7),,,,,,,,,,,,,,,,,,,,,,,,,,,,,,,,,,,
49,WV Wesleyan,1,11/08/1924,10/17/1925,7,vs. Syracuse (W 7–3),at Bethany (WV) (W 19–6),vs. Davis & Elkins (W 12–7),at Kentucky (W 24–7),vs. SMU (Dixie Classic) (W 9–7),at Waynesburg (W 7–0),vs. Broaddus College (W 18–0),at Salem (W 13–0),vs. Lehigh (L 3–0),,,,,,,,,,,,,,,,,,,,,,,,,,,,,
48,Syracuse,2,11/24/1923,11/08/1924,6,vs. Nebraska (W 7–0),at Hobart (W 35–0),at Mercer (W 26–0),at William & Mary (W 24–7),at Boston College (W 10–0),vs. Penn State (W 10–6),vs. Pittsburgh (T 7–7),at WV Wesleyan (L 7–3),,,,,,,,,,,,,,,,,,,,,,,,,,,,,,
47,Nebraska,1,11/10/1923,11/24/1923,1,at Notre Dame (W 14–7),vs. Iowa State (W 26–14),at Syracuse (L 7–0),,,,,,,,,,,,,,,,,,,,,,,,,,,,,,,,,,,
46,Notre Dame,1,10/20/1923,11/10/1923,2,vs. Princeton (W 25–2),at Georgia Tech (W 35–7),at Purdue (W 34–7),vs. Nebraska (L 14–7),,,,,,,,,,,,,,,,,,,,,,,,,,,,,,,,,,
45,Princeton,8,10/28/1922,10/20/1923,5,vs. Chicago (W 21–18),at Swarthmore (W 22–13),vs. Harvard (W 10–3),at Yale (W 3–0),at Johns Hopkins (W 16–7),at Georgetown (W 17–0),at Notre Dame (L 25–2),,,,,,,,,,,,,,,,,,,,,,,,,,,,,,,
44,Chicago,1,11/19/1921,10/28/1922,3,at Wisconsin (W 3–0),at Georgia (W 20–0),at Northwestern (W 15–7),at Purdue (W 12–0),at Princeton (L 21–18),,,,,,,,,,,,,,,,,,,,,,,,,,,,,,,,,
43,Wisconsin,1,11/13/1920,11/19/1921,7,at Illinois (W 14–9),vs. Chicago (W 3–0),at Lawrence (W 28–0),at South Dakota State (W 24–3),vs. Northwestern (W 27–0),vs. Illinois (W 20–0),at Minnesota (W 35–0),vs. Michigan (T 7–7),vs. Chicago (L 3–0),,,,,,,,,,,,,,,,,,,,,,,,,,,,,
42,Illinois,1,11/22/1919,11/13/1920,5,vs. Ohio State (W 9–7),at Drake (W 41–0),at Iowa (W 20–3),vs. Michigan (W 7–6),at Minnesota (W 17–7),vs. Chicago (W 3–0),vs. Wisconsin (L 14–9),,,,,,,,,,,,,,,,,,,,,,,,,,,,,,,
41,Ohio State,1,10/25/1919,11/22/1919,2,vs. Michigan (W 13–3),at Purdue (W 20–0),vs. Wisconsin (W 3–0),at Illinois (L 9–7),,,,,,,,,,,,,,,,,,,,,,,,,,,,,,,,,,
40,Michigan,1,11/16/1918,10/25/1919,4,at Syracuse (W 15–0),at Michigan State (W 21–6),at Ohio State (W 14–0),at Case (W 34–0),at Michigan State (W 26–0),at Ohio State (L 13–3),,,,,,,,,,,,,,,,,,,,,,,,,,,,,,,,
39,Syracuse,1,11/03/1917,11/16/1918,7,vs. Brown (W 6–0),at Bucknell (W 42–0),at Colgate (W 27–7),vs. Michigan State (W 21–7),vs. Nebraska (W 10–9),at Navy Transport (W 13–0),vs. Dartmouth (W 34–6),at Brown (W 53–0),vs. Michigan (L 15–0),,,,,,,,,,,,,,,,,,,,,,,,,,,,,
38,Brown,2,10/27/1917,11/03/1917,0,at Colgate (W 7–6),at Syracuse (L 6–0),,,,,,,,,,,,,,,,,,,,,,,,,,,,,,,,,,,,
37,Colgate,1,11/25/1916,10/27/1917,2,vs. Brown (W 28–0),at Bucknell (W 24–0),vs. Cornell (W 20–0),vs. Brown (L 7–6),,,,,,,,,,,,,,,,,,,,,,,,,,,,,,,,,,
36,Brown,1,11/18/1916,11/25/1916,0,vs. Harvard (W 21–0),at Colgate (L 28–0),,,,,,,,,,,,,,,,,,,,,,,,,,,,,,,,,,,,
35,Harvard,9,10/28/1916,11/18/1916,2,at Cornell (W 23–0),at Virginia (W 51–0),at Princeton (W 3–0),at Brown (L 21–0),,,,,,,,,,,,,,,,,,,,,,,,,,,,,,,,,,
34,Cornell,1,10/23/1915,10/28/1916,7,vs. Harvard (W 10–0),at Virginia Tech (W 45–0),vs. Michigan (W 34–7),at Washington & Lee (W 40–21),vs. Pennsylvania (W 24–9),at Gettysburg (W 26–0),at Williams (W 42–0),at Bucknell (W 19–0),vs. Harvard (L 23–0),,,,,,,,,,,,,,,,,,,,,,,,,,,,,
33,Harvard,8,11/02/1912,10/23/1915,25,at Princeton (W 16–6),at Vanderbilt (W 9–3),at Dartmouth (W 3–0),vs. Yale (W 20–0),at Maine (W 34–0),at Bates College (W 14–0),at Williams (W 23–3),at Holy Cross (W 47–7),at Penn State (W 29–0),at Cornell (W 23–6),vs. Princeton (W 3–0),at Brown (W 37–0),at Yale (W 15–5),at Bates College (W 44–0),at Springfield (W 44–0),at Washington & Jefferson (W 10–9),at Tufts (W 13–6),vs. Penn State (T 13–13),at Michigan (W 7–0),at Princeton (W 20–0),vs. Brown (T 0–0),vs. Yale (W 36–0),at Colby (W 39–6),at UMass (W 7–0),at Carlisle (W 29–7),at Virginia (W 9–0),at Cornell (L 10–0),,,,,,,,,,,
32,Princeton,7,11/04/1911,11/02/1912,8,at Harvard (W 8–6),at Dartmouth (W 3–0),vs. Yale (W 6–3),at Stevens (W 65–0),at Rutgers (W 41–6),at Lehigh (W 35–0),at Virginia Tech (W 31–0),at Syracuse (W 62–0),at Dartmouth (W 22–7),vs. Harvard (L 16–6),,,,,,,,,,,,,,,,,,,,,,,,,,,,
31,Harvard,7,10/29/1910,11/04/1911,8,vs. Army (W 6–0),at Cornell (W 27–5),at Dartmouth (W 18–0),at Yale (T 0–0),at Bates College (W 15–0),at Holy Cross (W 8–0),at Williams (W 18–0),at Amherst College (W 11–0),at Brown (W 20–6),vs. Princeton (L 8–6),,,,,,,,,,,,,,,,,,,,,,,,,,,,
30,Army,1,10/15/1910,10/29/1910,1,at Yale (W 9–3),at Lehigh (W 28–0),at Harvard (L 6–0),,,,,,,,,,,,,,,,,,,,,,,,,,,,,,,,,,,
29,Yale,7,11/20/1909,10/15/1910,4,vs. Harvard (W 8–0),at Wesleyan (CT) (W 22–0),at Syracuse (W 12–6),at Tufts (W 17–0),at Holy Cross (W 12–0),vs. Army (L 9–3),,,,,,,,,,,,,,,,,,,,,,,,,,,,,,,,
28,Harvard,6,11/07/1908,11/20/1909,10,at Carlisle (W 17–0),at Dartmouth (W 6–0),vs. Yale (W 4–0),at Bates College (W 11–0),at Bowdoin (W 17–0),at Williams (W 8–6),at Maine (W 17–0),at Brown (W 11–0),vs. Army (W 9–0),at Cornell (W 18–0),at Dartmouth (W 12–3),at Yale (L 8–0),,,,,,,,,,,,,,,,,,,,,,,,,,
27,Carlisle,1,11/09/1907,11/07/1908,9,vs. Harvard (W 23–15),vs. Minnesota (W 12–10),vs. Chicago (W 18–4),at Conway Hall (W 53–0),at Lebanon Valley (W 39–0),at Villanova (W 10–0),at Penn State (W 12–5),vs. Syracuse (W 12–0),at Pennsylvania (T 6–6),vs. Navy (W 16–6),vs. Harvard (L 17–0),,,,,,,,,,,,,,,,,,,,,,,,,,,
26,Harvard,5,10/19/1907,11/09/1907,2,vs. Navy (W 6–0),at Springfield (W 9–5),at Brown (W 6–5),at Carlisle (L 23–15),,,,,,,,,,,,,,,,,,,,,,,,,,,,,,,,,,
25,Navy,2,11/10/1906,10/19/1907,8,at Swarthmore (W 5–4),at North Carolina (W 40–0),at Virginia Tech (W 5–0),at Army (W 10–0),at St. John's (Maryland) (W 26–0),at Dickinson (W 15–0),at Maryland (W 12–0),vs. Vanderbilt (T 6–6),at St. John's (Maryland) (W 12–0),at Harvard (L 6–0),,,,,,,,,,,,,,,,,,,,,,,,,,,,
24,Swarthmore,2,10/13/1906,11/10/1906,3,vs. Pennsylvania (W 4–0),at George Washington (W 17–0),at Gettysburg (W 19–4),at Amherst College (W 21–0),vs. Navy (L 5–4),,,,,,,,,,,,,,,,,,,,,,,,,,,,,,,,,
23,Pennsylvania,3,10/07/1905,10/13/1906,14,at Swarthmore (W 11–4),at Franklin & Marshall (W 38–0),at North Carolina (W 17–0),at Ursinus (W 39–0),at Brown (W 8–6),at Carlisle (W 6–0),vs. Lafayette (T 6–6),at Harvard (W 12–6),at Villanova (W 42–0),vs. Columbia (W 23–0),at Cornell (W 6–5),at Lehigh (W 32–6),vs. Gettysburg (T 6–6),at North Carolina (W 11–0),at Franklin & Marshall (W 47–6),at Swarthmore (L 4–0),,,,,,,,,,,,,,,,,,,,,,
22,Swarthmore,1,10/29/1904,10/07/1905,2,vs. Navy (W 9–0),at Franklin & Marshall (W 69–0),at Haverford (W 27–6),vs. Pennsylvania (L 11–4),,,,,,,,,,,,,,,,,,,,,,,,,,,,,,,,,,
21,Navy,1,10/15/1904,10/29/1904,2,at Princeton (W 10–9),at St. John's (Maryland) (W 23–0),vs. Dickinson (T 0–0),at Swarthmore (L 9–0),,,,,,,,,,,,,,,,,,,,,,,,,,,,,,,,,,
20,Princeton,6,11/14/1903,10/15/1904,5,vs. Yale (W 11–6),at Dickinson (W 12–0),at Georgetown (W 10–0),at Wesleyan (CT) (W 39–0),at Washington & Jefferson (W 16–0),at Lafayette (W 5–0),vs. Navy (L 10–9),,,,,,,,,,,,,,,,,,,,,,,,,,,,,,,
19,Yale,6,11/22/1902,11/14/1903,10,at Harvard (W 23–0),at Trinity (CT) (W 35–0),at Tufts (W 19–0),at Vermont (W 46–0),at Wesleyan (CT) (W 33–0),at Springfield (W 22–0),at Holy Cross (W 36–10),at Penn State (W 27–0),vs. Army (W 17–5),at Columbia (W 25–0),at Syracuse (W 30–0),at Princeton (L 11–6),,,,,,,,,,,,,,,,,,,,,,,,,,
18,Harvard,4,11/23/1901,11/22/1902,11,at Yale (W 22–0),at Williams (W 11–0),at Bowdoin (W 17–6),at Bates College (W 23–0),at Amherst College (W 6–0),at Maine (W 22–0),at Wesleyan (CT) (W 35–5),vs. Army (W 14–6),at Brown (W 6–0),at Carlisle (W 23–0),at Pennsylvania (W 11–0),at Dartmouth (W 16–6),vs. Yale (L 23–0),,,,,,,,,,,,,,,,,,,,,,,,,
17,Yale,5,11/24/1900,11/23/1901,12,at Harvard (W 28–0),at Trinity (CT) (W 23–0),at Amherst College (W 6–0),at Tufts (W 29–5),at Wesleyan (CT) (W 24–0),vs. Navy (W 24–0),at Bowdoin (W 45–0),at Penn State (W 22–0),at Bates College (W 21–0),at Columbia (W 10–5),at Army (T 5–5),at Orange A.C. (W 30–0),at Princeton (W 12–0),vs. Harvard (L 22–0),,,,,,,,,,,,,,,,,,,,,,,,
16,Harvard,3,11/05/1898,11/24/1900,23,at Pennsylvania (W 10–0),at Brown (W 17–6),vs. Yale (W 17–0),at Williams (W 29–0),at Bowdoin (W 13–0),at Wesleyan (CT) (W 20–0),at Amherst College (W 41–0),vs. Army (W 18–0),at Bates College (W 29–0),at Brown (W 11–0),at Carlisle (W 22–10),vs. Pennsylvania (W 16–0),at Dartmouth (W 11–0),vs. Yale (T 0–0),at Wesleyan (CT) (W 24–0),at Williams (W 12–0),at Bowdoin (W 12–0),at Amherst College (W 18–0),at Columbia (W 24–0),at Bates College (W 41–0),vs. Army (W 29–0),at Carlisle (W 17–5),at Pennsylvania (W 17–5),at Brown (W 11–6),vs. Yale (L 28–0),,,,,,,,,,,,,
15,Pennsylvania,2,10/23/1897,11/05/1898,15,at Lafayette (W 46–0),vs. Brown (W 40–0),at Carlisle (W 20–10),at Wesleyan (CT) (W 22–0),at Harvard (W 15–6),at Cornell (W 4–0),at Franklin & Marshall (W 41–0),at Gettysburg (W 50–0),at Penn State (W 40–0),at Mansfield (W 50–0),at Brown (W 18–0),at Virginia (W 40–0),at Lehigh (W 40–0),at Wesleyan (CT) (W 17–0),at Lafayette (W 32–0),at Chicago (W 23–11),vs. Harvard (L 10–0),,,,,,,,,,,,,,,,,,,,,
14,Lafayette,1,10/24/1896,10/23/1897,12,vs. Pennsylvania (W 6–4),at Dickinson (W 18–0),vs. Bloomsburg (W 17–0),vs. Wyoming Seminary (W 23–0),at Franklin & Marshall (W 38–0),at Wesleyan (CT) (W 18–0),vs. Navy (W 18–6),vs. Bloomsburg (W 14–0),vs. Wyoming Seminary (W 26–0),at Penn State (W 24–0),vs. Franklin & Marshall (W 8–0),at Temperance A.C. (W 64–0),vs. Cornell (T 4–4),vs. Pennsylvania (L 46–0),,,,,,,,,,,,,,,,,,,,,,,,
13,Pennsylvania,1,11/10/1894,10/24/1896,24,vs. Princeton (W 12–0),at Cornell (W 6–0),at Harvard (W 18–4),at Swarthmore (W 40–0),at Bucknell (W 40–0),at Franklin & Marshall (W 42–0),vs. Crescent A.C. (W 32–0),at Lehigh (W 54–0),at Carlisle (W 36–0),at Virginia (W 54–0),vs. Duquesne A.C. (W 30–0),at Lafayette (W 30–0),at Brown (W 12–0),at Chicago A.C. (W 12–4),at Penn State (W 35–4),vs. Harvard (W 17–14),at Cornell (W 46–2),vs. Franklin & Marshall (W 24–0),at Gettysburg (W 32–0),at Bucknell (W 40–0),vs. Navy (W 8–0),at Dartmouth (W 16–0),at Virginia (W 20–0),at Lehigh (W 34–0),at Amherst College (W 14–0),at Lafayette (L 6–4),,,,,,,,,,,,
12,Princeton,5,11/30/1893,11/10/1894,7,at Yale (W 6–0),at Lafayette (W 40–0),vs. Lehigh (W 8–0),at Rutgers (W 48–0),at Virginia (W 12–0),at Cornell (W 12–4),at Lehigh (W 32–0),at Volunteer A.C. (W 40–0),at Pennsylvania (L 12–0),,,,,,,,,,,,,,,,,,,,,,,,,,,,,
11,Yale,4,11/27/1890,11/30/1893,36,at Princeton (W 32–0),at Wesleyan (CT) (W 28–0),vs. Crescent A.C. (W 26–0),vs. Trinity (CT) (W 36–0),at Williams (W 46–0),at Springfield (W 28–0),at Orange A.C. (W 36–0),at Lehigh (W 38–0),vs. Crescent A.C. (W 70–0),at Wesleyan (CT) (W 76–0),at Amherst College (W 27–0),at Pennsylvania (W 48–0),at Harvard (W 10–0),at Princeton (W 19–0),at Wesleyan (CT) (W 6–0),vs. Crescent A.C. (W 22–0),at Williams (W 32–0),vs. Manhattan A.C. (W 22–0),at Amherst College (W 29–0),at Orange A.C. (W 58–0),vs. Springfield (W 50–0),at Tufts (W 44–0),at Wesleyan (CT) (W 72–0),vs. New York A.C. (W 48–0),at Pennsylvania (W 28–0),at Harvard (W 6–0),at Princeton (W 12–0),at Brown (W 18–0),vs. Crescent A.C. (W 16–0),at Dartmouth (W 28–0),at Amherst College (W 46–0),at Orange A.C. (W 50–0),at Williams (W 82–0),vs. Army (W 28–0),vs. New York A.C. (W 42–0),at Pennsylvania (W 14–6),at Harvard (W 6–0),vs. Princeton (L 6–0)
10,Princeton,4,11/28/1889,11/27/1890,13,at Yale (W 10–0),vs. Columbia A.C. (W 57–0),at Franklin & Marshall (W 33–16),at Rutgers (W 27–0),at Orange A.C. (T 0–0),at Pennsylvania (W 18–0),vs. Crescent A.C. (W 12–0),at Lafayette (W 26–6),at Lehigh (W 50–0),vs. Columbia A.C. (W 60–0),at Virginia (W 115–0),vs. Columbia (W 85–0),at Pennsylvania (W 6–0),at Wesleyan (CT) (W 46–4),vs. Yale (L 32–0),,,,,,,,,,,,,,,,,,,,,,,
9,Yale,3,11/24/1887,11/28/1889,29,at Harvard (W 17–8),at Wesleyan (CT) (W 76–0),at Rutgers (W 65–0),vs. Pennsylvania (W 34–0),vs. Wesleyan (CT) (W 46–0),vs. Amherst College (W 39–0),vs. Williams (W 30–0),at MIT (W 68–0),at Stevens (W 69–0),at Pennsylvania (W 54–0),vs. Crescent A.C. (W 28–0),at Amherst College (W 70–0),at Wesleyan (CT) (W 105–0),at Princeton (W 10–0),at Wesleyan (CT) (W 38–0),at Williams (W 36–0),vs. Wesleyan (CT) (W 63–5),at Cornell (W 56–6),at Amherst College (W 42–0),vs. Trinity (CT) (W 64–0),vs. Columbia (W 62–0),vs. Pennsylvania (W 20–10),at Stevens (W 30–0),vs. Crescent A.C. (W 5–0),vs. Cornell (W 70–0),vs. Amherst College (W 32–0),vs. Williams (W 70–0),at Wesleyan (CT) (W 52–0),vs. Crescent A.C. (W 18–0),at Harvard (W 6–0),vs. Princeton (L 10–0),,,,,,,
8,Harvard,2,11/12/1887,11/24/1887,1,at Princeton (W 12–0),at Pennsylvania (W 42–0),vs. Yale (L 17–8),,,,,,,,,,,,,,,,,,,,,,,,,,,,,,,,,,,
7,Princeton,3,11/21/1885,11/12/1887,16,vs. Yale (W 6–5),vs. Pennsylvania (W 76–10),at Stevens (W 58–0),vs. Stevens (W 61–6),vs. Pennsylvania (W 30–0),at Pennsylvania (W 55–9),vs. Pennsylvania (W 28–6),at Harvard (W 12–0),vs. Wesleyan (CT) (W 76–6),vs. Yale (T 0–0),at Lafayette (W 47–0),vs. Rutgers (W 30–0),at Lehigh (W 80–0),vs. Pennsylvania (W 57–0),at Pennsylvania (W 42–0),at Wesleyan (CT) (W 69–0),vs. Pennsylvania (W 95–0),vs. Harvard (L 12–0),,,,,,,,,,,,,,,,,,,,
6,Yale,2,11/25/1882,11/21/1885,25,vs. Harvard (W 1–0),at Princeton (W 2–1),at Wesleyan (CT) (W 60–0),vs. Wesleyan (CT) (W 94–0),at Stevens (W 59–0),at Rutgers (W 92–0),vs. Brooklyn Polytechnic Institute (W 49–0),vs. Columbia (W 93–0),at Michigan (W 64–0),at Princeton (W 6–0),at Harvard (W 23–2),at Wesleyan (CT) (W 31–0),at Stevens (W 96–0),at Wesleyan (CT) (W 63–0),vs. Rutgers (W 76–10),vs. Dartmouth (W 113–0),at Wesleyan (CT) (W 46–0),at Yale Alumni (W 18–0),at Harvard (W 52–0),at Princeton (T 0–0),vs. Stevens (W 55–0),at Wesleyan (CT) (W 18–0),at Wesleyan (CT) (W 71–0),vs. MIT (W 51–0),at Crescent A.C. (W 52–0),vs. Pennsylvania (W 53–5),at Princeton (L 6–5),,,,,,,,,,,
5,Harvard,1,11/18/1882,11/25/1882,0,at Princeton (W 2–1),at Yale (L 1–0),,,,,,,,,,,,,,,,,,,,,,,,,,,,,,,,,,,,
4,Princeton,2,11/28/1878,11/18/1882,25,at Yale (W 1–0),at Pennsylvania (W 6–0),at Columbia (W 2–0),at Stevens (W 7–0),at Harvard (W 1–0),vs. Yale (T 0–0),at Stevens (W 6–0),at Pennsylvania (W 1–0),at Rutgers (W 8–0),at Harvard (W 2–1),vs. Yale (T 0–0),at Rutgers (W 3–0),at Stevens (W 7–0),vs. Pennsylvania (W 7–0),at Michigan (W 1–0),at Pennsylvania (W 4–0),vs. Rutgers (W 1–0),at Columbia (W 1–0),at Harvard (T 0–0),vs. Yale (T 0–0),at Princeton Alumni (W 5–0),at Rutgers (W 5–0),at Pennsylvania (W 9–0),vs. Columbia (W 8–0),vs. Pennsylvania (W 10–0),vs. Rutgers (W 3–0),vs. Harvard (L 2–1),,,,,,,,,,,
3,Yale,1,11/30/1876,11/28/1878,10,at Princeton (W 2–0),vs. Columbia (W 2–0),at Tufts (W 1–0),at Trinity (CT) (W 7–0),vs. Stevens (W 13–0),at Princeton (T 0–0),at Amherst College (W 2–0),at Trinity (CT) (W 2–0),at Trinity (CT) (W 3–0),at Amherst College (W 1–0),vs. Harvard (W 1–0),vs. Princeton (L 1–0),,,,,,,,,,,,,,,,,,,,,,,,,,
2,Princeton,1,11/13/1869,11/30/1876,10,at Rutgers (W 8–0),at Rutgers (W 6–2),at Rutgers (W 4–1),vs. Yale (W 3–0),at Columbia (W 6–0),at Rutgers (W 6–0),at Columbia (W 6–2),at Stevens (W 6–0),vs. Pennsylvania (W 6–0),vs. Columbia (W 3–0),at Pennsylvania (W 6–0),vs. Yale (L 2–0),,,,,,,,,,,,,,,,,,,,,,,,,,
1,Rutgers,1,11/06/1869,11/13/1869,0,vs. Princeton (W 6–4),vs. Princeton (L 8–0),,,,,,,,,,,,,,,,,,,,,,,,,,,,,,,,,,,,
